2026-05-26 13:41:33.388 INFO  [18340] [CServerManager::PrintLog@36267] ======================================== 4.2.0 build Sep  6 2022 10:18:34 Start Print Log ========================================

2026-05-26 13:41:33.416 INFO  [18340] [CClientManager::InitAuthorization@5906] begin.

2026-05-26 13:41:33.491 INFO  [18340] [CClientManager::CheckLicense@6631] start

2026-05-26 13:41:33.491 INFO  [18340] [CClientManager::CheckLicense@6683] end

2026-05-26 13:41:33.859 INFO  [18340] [CClientManager::InitAuthorization@5962] SDK: InitAuthorization, authorization check successful.

2026-05-26 13:41:33.859 INFO  [18340] [CClientManager::InitAuthorization@5966] end.

2026-05-26 13:41:33.859 INFO  [18340] [CClientManager::Init@5408] begin.

2026-05-26 13:41:33.859 INFO  [18340] [CClientManager::DeInitPair@5695] start

2026-05-26 13:41:33.859 INFO  [18340] [CClientManager::DeInitPair@5709] end

2026-05-26 13:41:33.859 INFO  [18340] [CClientManager::DeInitPair@5695] start

2026-05-26 13:41:33.859 INFO  [18340] [CClientManager::DeInitPair@5709] end

2026-05-26 13:41:33.859 INFO  [18340] [CClientManager::Init@5426] end.nRet[0]

2026-05-26 13:41:33.859 INFO  [18340] [CClientManager::PF_DetectAndStartServer@12450] begin.

2026-05-26 13:41:33.859 INFO  [18340] [CServerManager::DetectService@33992] SDK: DetectService by OpenSCManager start

2026-05-26 13:41:33.859 INFO  [18340] [CServerManager::DetectService@34057] end

2026-05-26 13:41:33.859 INFO  [18340] [CClientManager::PF_DetectAndStartServer@12645] end.

2026-05-26 13:41:33.868 INFO  [18340] [CClientManager::PF_CreateHandle@1447] begin. nHandleType:[0]

2026-05-26 13:41:33.874 INFO  [18340] [CClientManager::PF_CreateHandle@1475] SDK: Third software start server by exe.

2026-05-26 13:41:33.874 INFO  [18340] [CServerManager::SM_Init@388] start

2026-05-26 13:41:33.874 INFO  [18340] [CServerManager::DeInit@23691] start

2026-05-26 13:41:33.874 INFO  [18340] [CServerManager::StopModuResSub@24968] start

2026-05-26 13:41:33.874 INFO  [18340] [CServerManager::StopModuResSub@24978] end

2026-05-26 13:41:33.874 INFO  [18340] [CServerManager::StopSub@24844] start

2026-05-26 13:41:33.874 INFO  [18340] [CServerManager::StopSub@24854] end

2026-05-26 13:41:33.874 INFO  [18340] [CServerManager::StopHeartPair@25850] start

2026-05-26 13:41:33.874 INFO  [18340] [CServerManager::StopHeartPair@25858] end

2026-05-26 13:41:33.874 INFO  [18340] [CServerManager::DeInitReadSendBuffer@23798] start

2026-05-26 13:41:33.874 INFO  [18340] [CServerManager::DeInitReadSendBuffer@23820] end

2026-05-26 13:41:33.874 INFO  [18340] [CServerManager::DeInitHeartPair@24496] start

2026-05-26 13:41:33.874 INFO  [18340] [CServerManager::StopHeartPair@25850] start

2026-05-26 13:41:33.874 INFO  [18340] [CServerManager::StopHeartPair@25858] end

2026-05-26 13:41:33.874 INFO  [18340] [CServerManager::DeInitHeartPair@24511] end

2026-05-26 13:41:33.874 INFO  [18340] [CServerManager::DeInitSub@23975] start

2026-05-26 13:41:33.874 INFO  [18340] [CServerManager::DeInitSub@23989] end

2026-05-26 13:41:33.874 INFO  [18340] [CServerManager::DeInitProxySub@24078] start

2026-05-26 13:41:33.874 INFO  [18340] [CServerManager::DeInitProxySub@24093] end

2026-05-26 13:41:33.874 INFO  [18340] [CServerManager::DeInitReq@24353] start

2026-05-26 13:41:33.874 INFO  [18340] [CServerManager::UnRegisterModule@24777] start

2026-05-26 13:41:33.874 WARN  [18340] [CServerManager::UnRegisterModule@24780] SDK: m_hCommunicationReq is NULL.

2026-05-26 13:41:33.876 INFO  [18340] [CServerManager::NotifyServerDestroy4Export@12373] start

2026-05-26 13:41:33.876 INFO  [18340] [CServerManager::NotifyServerDestroy4Export@12389] end

2026-05-26 13:41:33.876 INFO  [18340] [CServerManager::DeInitReq@24378] end

2026-05-26 13:41:33.876 INFO  [18340] [CServerManager::DeInit@23729] end

2026-05-26 13:41:33.876 INFO  [18340] [CServerManager::InitReadSendBuffer@23740] start

2026-05-26 13:41:33.876 INFO  [18340] [CServerManager::DeInitReadSendBuffer@23798] start

2026-05-26 13:41:33.876 INFO  [18340] [CServerManager::DeInitReadSendBuffer@23820] end

2026-05-26 13:41:33.876 INFO  [18340] [CServerManager::InitReadSendBuffer@23787] end

2026-05-26 13:41:33.876 INFO  [18340] [CServerManager::SM_Init@423] SDK: InitReadSendBuffer success.pstPlatformBasicInfo->nRepIp[0x7f000001],nport[5556]

2026-05-26 13:41:33.876 INFO  [18340] [CServerManager::SM_Init@442] SDK: GetAdapterInfo success. Info:[127.0.0.1]

2026-05-26 13:41:33.876 INFO  [18340] [CServerManager::InitSub@23894] start

2026-05-26 13:41:33.876 INFO  [18340] [CServerManager::DeInitSub@23975] start

2026-05-26 13:41:33.876 INFO  [18340] [CServerManager::DeInitSub@23989] end

2026-05-26 13:41:33.900 INFO  [18340] [CServerManager::InitSub@23964] end

2026-05-26 13:41:33.900 INFO  [18340] [CServerManager::SM_Init@480] SDK: InitSub success.

2026-05-26 13:41:33.900 INFO  [18340] [CServerManager::InitProxySub@23999] start

2026-05-26 13:41:33.900 INFO  [18340] [CServerManager::DeInitProxySub@24078] start

2026-05-26 13:41:33.900 INFO  [18340] [CServerManager::DeInitProxySub@24093] end

2026-05-26 13:41:33.900 INFO  [18340] [CServerManager::InitProxySub@24067] end

2026-05-26 13:41:33.900 INFO  [18340] [CServerManager::SM_Init@489] SDK: InitProxySub success.

2026-05-26 13:41:33.900 INFO  [18340] [CServerManager::InitHeartPair@24383] start

2026-05-26 13:41:33.900 INFO  [18340] [CServerManager::DeInitHeartPair@24496] start

2026-05-26 13:41:33.900 INFO  [18340] [CServerManager::StopHeartPair@25850] start

2026-05-26 13:41:33.900 INFO  [18340] [CServerManager::StopHeartPair@25858] end

2026-05-26 13:41:33.900 INFO  [18340] [CServerManager::DeInitHeartPair@24511] end

2026-05-26 13:41:33.900 INFO  [18340] [CServerManager::InitHeartPair@24418] SDK: request heartbeat addr[tcp://127.0.0.1:61240]

2026-05-26 13:41:33.900 INFO  [18340] [CServerManager::InitHeartPair@24489] end

2026-05-26 13:41:33.900 INFO  [18340] [CServerManager::SM_Init@497] SDK: InitHeartPair success.

2026-05-26 13:41:33.900 INFO  [18340] [CServerManager::InitReq@24103] start

2026-05-26 13:41:33.900 INFO  [18340] [CServerManager::DeInitReq@24353] start

2026-05-26 13:41:33.900 INFO  [18340] [CServerManager::UnRegisterModule@24777] start

2026-05-26 13:41:33.900 WARN  [18340] [CServerManager::UnRegisterModule@24780] SDK: m_hCommunicationReq is NULL.

2026-05-26 13:41:33.900 INFO  [18340] [CServerManager::NotifyServerDestroy4Export@12373] start

2026-05-26 13:41:33.900 INFO  [18340] [CServerManager::NotifyServerDestroy4Export@12389] end

2026-05-26 13:41:33.900 INFO  [18340] [CServerManager::DeInitReq@24378] end

2026-05-26 13:41:33.900 INFO  [18340] [CServerManager::InitReq@24160] Bind address:[tcp://127.0.0.1:61241]

2026-05-26 13:41:33.900 INFO  [18340] [CServerManager::InitReq@24164] Bind address:[tcp://127.0.0.1:61241], nRet:[0]

2026-05-26 13:41:33.900 INFO  [18340] [CServerManager::InitReq@24168] SetSocketOpt, nRet:[0]

2026-05-26 13:41:33.900 INFO  [18340] [CServerManager::InitReq@24172] SetSocketOpt, nRet:[0]

2026-05-26 13:41:33.902 INFO  [18340] [CServerManager::InitReq@24248] SDK:Connect addr:[tcp://127.0.0.1:5556], nRet:[0]

2026-05-26 13:41:33.902 INFO  [18340] [CServerManager::InitReq@24258] SDK: Connect to vmserver rep[tcp://127.0.0.1:5556]

2026-05-26 13:41:33.902 INFO  [18340] [CServerManager::GetProxyRegisterState@23292] start.

2026-05-26 13:41:33.902 INFO  [18340] [CServerManager::GetProxyRegisterState@23364] end.

2026-05-26 13:41:33.902 INFO  [18340] [CServerManager::RegisterModule@24521] start

2026-05-26 13:41:33.902 INFO  [18340] [CServerManager::GetProcessDirectoryById@34481] SDK: Process path:[C:\Program Files\VisionMaster4.2.0\Applications\Server]

2026-05-26 13:41:33.902 INFO  [18340] [CServerManager::RegisterModule@24590] SDK: Register RepAddress:[]; Proxy pub address:[tcp://0.0.0.0:65072]

2026-05-26 13:41:33.902 INFO  [18340] [CServerManager::RegisterModule@24592] SDK: Register info. ClientType:[1]; GUID:[127.0.0.1:12EE128EDD864C459FE44B7B2DCA9E29]

2026-05-26 13:41:33.916 INFO  [18340] [CServerManager::RegisterModule@24766] end

2026-05-26 13:41:33.916 INFO  [18340] [CServerManager::InitReq@24342] end

2026-05-26 13:41:33.916 INFO  [18340] [CServerManager::SM_Init@506] SDK: InitReq success.

2026-05-26 13:41:33.916 INFO  [18340] [CServerManager::SM_Init@515] SDK: StartSub success.

2026-05-26 13:41:33.916 INFO  [18340] [CServerManager::StartModuResSub@24943] start

2026-05-26 13:41:33.916 INFO  [18340] [CServerManager::StartModuResSub@24956] end

2026-05-26 13:41:33.916 INFO  [18340] [CServerManager::SM_Init@525] SDK: StartModuResSub success.

2026-05-26 13:41:33.916 INFO  [18340] [CServerManager::ProxyP2PConnect@36857] Begin

2026-05-26 13:41:33.916 INFO  [18340] [CServerManager::GetProxyP2PAddr@36801] start

2026-05-26 13:41:33.916 INFO  [20872] [CServerManager::HeartPairThreadProcess@25875] start

2026-05-26 13:41:33.916 INFO  [20088] [CServerManager::SubThreadProcess@24882] start

2026-05-26 13:41:33.916 INFO  [19072] [CServerManager::ModuResSubThreadProcess@25006] start

2026-05-26 13:41:33.916 INFO  [18340] [CServerManager::GetProxyP2PAddr@36847] end

2026-05-26 13:41:33.916 INFO  [18340] [ProxyP2PComm::InitP2PComm@60] start

2026-05-26 13:41:33.918 INFO  [18340] [ProxyP2PComm::InitP2PComm@97] end

2026-05-26 13:41:33.918 INFO  [18340] [CServerManager::ProxyP2PConnect@36872] End

2026-05-26 13:41:33.918 INFO  [18340] [CServerManager::SM_Init@563] end

2026-05-26 13:41:33.918 INFO  [18340] [CServerManager::SM_SetAllReportModuleResult@14887] start.

2026-05-26 13:41:33.918 INFO  [18340] [CServerManager::SM_SetAllReportModuleResult@14911] end.

2026-05-26 13:41:33.918 INFO  [18340] [CServerManager::SM_GetProcedureReentrant@21103] start.

2026-05-26 13:41:33.921 INFO  [18340] [CServerManager::SM_GetProcedureReentrant@21138] SDK: SM_GetProcedureReentrant nRecvBufLen:[228]

2026-05-26 13:41:33.921 INFO  [18340] [CServerManager::SM_GetProcedureReentrant@21186] end.

2026-05-26 13:41:33.921 INFO  [18340] [CClientManager::PF_CreateHandle@1535] end.

2026-05-26 13:41:34.438 INFO  [18340] [CServerManager::SM_RegisterOutputPlatformInfoCallBack@575] start

2026-05-26 13:41:34.438 INFO  [18340] [CServerManager::SM_RegisterOutputPlatformInfoCallBack@601] end

2026-05-26 13:41:34.444 INFO  [18340] [CServerManager::SM_CheckSolution@322] start

2026-05-26 13:41:34.456 INFO  [18340] [CServerManager::SM_CheckSolution@342] end

2026-05-26 13:41:34.464 INFO  [18340] [CServerManager::SM_LoadSolution@1701] start

2026-05-26 13:41:34.464 INFO  [18340] [CServerManager::SM_CheckSolution@322] start

2026-05-26 13:41:34.464 INFO  [18340] [CServerManager::SM_CheckSolution@342] end

2026-05-26 13:41:34.464 INFO  [18340] [CServerManager::SM_LoadSolution@1785] m_bIsTool:[0]

2026-05-26 13:41:34.464 INFO  [18340] [CServerManager::SM_LoadSolution@1788] Judge start.

2026-05-26 13:41:34.464 INFO  [18340] [CServerManager::SM_GetSolutionVersion@1484] start

2026-05-26 13:41:34.464 INFO  [18340] [CServerManager::SM_GetSolutionVersion@1504] SDK: UncompressOneFile start.

2026-05-26 13:41:34.466 INFO  [18340] [CServerManager::SM_GetSolutionVersion@1511] SDK: UncompressOneFile end.

2026-05-26 13:41:34.468 INFO  [18340] [CServerManager::SM_GetSolutionVersion@1533] end

2026-05-26 13:41:34.468 INFO  [18340] [CServerManager::SM_LoadSolution@1798] SM_GetSolutionVersion:[V4.3.0]

2026-05-26 13:41:34.468 INFO  [18340] [CServerManager::SM_LoadSolution@1807] Judge end.

2026-05-26 13:41:34.468 INFO  [18340] [CServerManager::SM_LoadSolution@1896] end

2026-05-26 13:41:34.468 INFO  [20088] [CServerManager::ParseLoadSolBeginInfo@28577] SDK: Callback load solution start information start.

2026-05-26 13:41:34.470 INFO  [20088] [CServerManager::ParseLoadSolBeginInfo@28594] SDK: Callback load solution start information end. ClientType:[1] Path:[D:\xcm\Test\相机拍与输出（无数据输出）2.sol]

2026-05-26 13:41:34.470 INFO  [20088] [CServerManager::ParseLoadSolProgressInfo@28813] SDK: Cb load solution process:[15]

2026-05-26 13:41:35.650 INFO  [20088] [CServerManager::ParseLoadSolProgressInfo@28813] SDK: Cb load solution process:[30]

2026-05-26 13:41:35.909 INFO  [20088] [CServerManager::ParseLoadSolProgressInfo@28813] SDK: Cb load solution process:[50]

2026-05-26 13:41:35.930 INFO  [20088] [CServerManager::ParseModuleReportData@29264] SDK: Callback algorithm init register info start.

2026-05-26 13:41:35.931 INFO  [20088] [CServerManager::ParseModuleReportData@29282] SDK: Callback algorithm init register info end. ModuleID:[6], nType:[3221225472]

2026-05-26 13:41:35.936 INFO  [20088] [CServerManager::ParseModuleReportData@29103] SDK: Callback communication data info start.

2026-05-26 13:41:35.937 INFO  [20088] [CServerManager::ParseModuleReportData@29153] SDK: Callback communication data info end. nType:[1025]

2026-05-26 14:07:18.696 INFO  [22236] [CServerManager::PrintLog@36267] ======================================== 4.2.0 build Sep  6 2022 10:18:34 Start Print Log ========================================

2026-05-26 14:07:18.726 INFO  [22236] [CClientManager::InitAuthorization@5906] begin.

2026-05-26 14:07:18.727 INFO  [22236] [CClientManager::CheckLicense@6631] start

2026-05-26 14:07:18.727 INFO  [22236] [CClientManager::CheckLicense@6683] end

2026-05-26 14:07:19.094 INFO  [22236] [CClientManager::InitAuthorization@5962] SDK: InitAuthorization, authorization check successful.

2026-05-26 14:07:19.094 INFO  [22236] [CClientManager::InitAuthorization@5966] end.

2026-05-26 14:07:19.094 INFO  [22236] [CClientManager::Init@5408] begin.

2026-05-26 14:07:19.094 INFO  [22236] [CClientManager::DeInitPair@5695] start

2026-05-26 14:07:19.094 INFO  [22236] [CClientManager::DeInitPair@5709] end

2026-05-26 14:07:19.094 INFO  [22236] [CClientManager::DeInitPair@5695] start

2026-05-26 14:07:19.094 INFO  [22236] [CClientManager::DeInitPair@5709] end

2026-05-26 14:07:19.094 INFO  [22236] [CClientManager::Init@5426] end.nRet[0]

2026-05-26 14:07:19.094 INFO  [22236] [CClientManager::PF_DetectAndStartServer@12450] begin.

2026-05-26 14:07:19.103 INFO  [22236] [CServerManager::DetectService@33992] SDK: DetectService by OpenSCManager start

2026-05-26 14:07:19.103 INFO  [22236] [CServerManager::DetectService@34057] end

2026-05-26 14:07:19.103 INFO  [22236] [CClientManager::PF_DetectAndStartServer@12645] end.

2026-05-26 14:07:19.103 INFO  [22236] [CClientManager::PF_CreateHandle@1447] begin. nHandleType:[0]

2026-05-26 14:07:19.109 INFO  [22236] [CClientManager::PF_CreateHandle@1475] SDK: Third software start server by exe.

2026-05-26 14:07:19.109 INFO  [22236] [CServerManager::SM_Init@388] start

2026-05-26 14:07:19.109 INFO  [22236] [CServerManager::DeInit@23691] start

2026-05-26 14:07:19.109 INFO  [22236] [CServerManager::StopModuResSub@24968] start

2026-05-26 14:07:19.109 INFO  [22236] [CServerManager::StopModuResSub@24978] end

2026-05-26 14:07:19.109 INFO  [22236] [CServerManager::StopSub@24844] start

2026-05-26 14:07:19.109 INFO  [22236] [CServerManager::StopSub@24854] end

2026-05-26 14:07:19.109 INFO  [22236] [CServerManager::StopHeartPair@25850] start

2026-05-26 14:07:19.109 INFO  [22236] [CServerManager::StopHeartPair@25858] end

2026-05-26 14:07:19.109 INFO  [22236] [CServerManager::DeInitReadSendBuffer@23798] start

2026-05-26 14:07:19.109 INFO  [22236] [CServerManager::DeInitReadSendBuffer@23820] end

2026-05-26 14:07:19.109 INFO  [22236] [CServerManager::DeInitHeartPair@24496] start

2026-05-26 14:07:19.109 INFO  [22236] [CServerManager::StopHeartPair@25850] start

2026-05-26 14:07:19.109 INFO  [22236] [CServerManager::StopHeartPair@25858] end

2026-05-26 14:07:19.109 INFO  [22236] [CServerManager::DeInitHeartPair@24511] end

2026-05-26 14:07:19.109 INFO  [22236] [CServerManager::DeInitSub@23975] start

2026-05-26 14:07:19.109 INFO  [22236] [CServerManager::DeInitSub@23989] end

2026-05-26 14:07:19.109 INFO  [22236] [CServerManager::DeInitProxySub@24078] start

2026-05-26 14:07:19.109 INFO  [22236] [CServerManager::DeInitProxySub@24093] end

2026-05-26 14:07:19.109 INFO  [22236] [CServerManager::DeInitReq@24353] start

2026-05-26 14:07:19.109 INFO  [22236] [CServerManager::UnRegisterModule@24777] start

2026-05-26 14:07:19.109 WARN  [22236] [CServerManager::UnRegisterModule@24780] SDK: m_hCommunicationReq is NULL.

2026-05-26 14:07:19.109 INFO  [22236] [CServerManager::NotifyServerDestroy4Export@12373] start

2026-05-26 14:07:19.109 INFO  [22236] [CServerManager::NotifyServerDestroy4Export@12389] end

2026-05-26 14:07:19.109 INFO  [22236] [CServerManager::DeInitReq@24378] end

2026-05-26 14:07:19.109 INFO  [22236] [CServerManager::DeInit@23729] end

2026-05-26 14:07:19.109 INFO  [22236] [CServerManager::InitReadSendBuffer@23740] start

2026-05-26 14:07:19.109 INFO  [22236] [CServerManager::DeInitReadSendBuffer@23798] start

2026-05-26 14:07:19.109 INFO  [22236] [CServerManager::DeInitReadSendBuffer@23820] end

2026-05-26 14:07:19.109 INFO  [22236] [CServerManager::InitReadSendBuffer@23787] end

2026-05-26 14:07:19.109 INFO  [22236] [CServerManager::SM_Init@423] SDK: InitReadSendBuffer success.pstPlatformBasicInfo->nRepIp[0x7f000001],nport[5556]

2026-05-26 14:07:19.109 INFO  [22236] [CServerManager::SM_Init@442] SDK: GetAdapterInfo success. Info:[127.0.0.1]

2026-05-26 14:07:19.109 INFO  [22236] [CServerManager::InitSub@23894] start

2026-05-26 14:07:19.109 INFO  [22236] [CServerManager::DeInitSub@23975] start

2026-05-26 14:07:19.109 INFO  [22236] [CServerManager::DeInitSub@23989] end

2026-05-26 14:07:19.129 INFO  [22236] [CServerManager::InitSub@23964] end

2026-05-26 14:07:19.129 INFO  [22236] [CServerManager::SM_Init@480] SDK: InitSub success.

2026-05-26 14:07:19.129 INFO  [22236] [CServerManager::InitProxySub@23999] start

2026-05-26 14:07:19.129 INFO  [22236] [CServerManager::DeInitProxySub@24078] start

2026-05-26 14:07:19.129 INFO  [22236] [CServerManager::DeInitProxySub@24093] end

2026-05-26 14:07:19.129 INFO  [22236] [CServerManager::InitProxySub@24067] end

2026-05-26 14:07:19.129 INFO  [22236] [CServerManager::SM_Init@489] SDK: InitProxySub success.

2026-05-26 14:07:19.129 INFO  [22236] [CServerManager::InitHeartPair@24383] start

2026-05-26 14:07:19.129 INFO  [22236] [CServerManager::DeInitHeartPair@24496] start

2026-05-26 14:07:19.129 INFO  [22236] [CServerManager::StopHeartPair@25850] start

2026-05-26 14:07:19.129 INFO  [22236] [CServerManager::StopHeartPair@25858] end

2026-05-26 14:07:19.129 INFO  [22236] [CServerManager::DeInitHeartPair@24511] end

2026-05-26 14:07:19.129 INFO  [22236] [CServerManager::InitHeartPair@24418] SDK: request heartbeat addr[tcp://127.0.0.1:61808]

2026-05-26 14:07:19.129 INFO  [22236] [CServerManager::InitHeartPair@24489] end

2026-05-26 14:07:19.129 INFO  [22236] [CServerManager::SM_Init@497] SDK: InitHeartPair success.

2026-05-26 14:07:19.129 INFO  [22236] [CServerManager::InitReq@24103] start

2026-05-26 14:07:19.129 INFO  [22236] [CServerManager::DeInitReq@24353] start

2026-05-26 14:07:19.129 INFO  [22236] [CServerManager::UnRegisterModule@24777] start

2026-05-26 14:07:19.129 WARN  [22236] [CServerManager::UnRegisterModule@24780] SDK: m_hCommunicationReq is NULL.

2026-05-26 14:07:19.129 INFO  [22236] [CServerManager::NotifyServerDestroy4Export@12373] start

2026-05-26 14:07:19.129 INFO  [22236] [CServerManager::NotifyServerDestroy4Export@12389] end

2026-05-26 14:07:19.129 INFO  [22236] [CServerManager::DeInitReq@24378] end

2026-05-26 14:07:19.129 INFO  [22236] [CServerManager::InitReq@24160] Bind address:[tcp://127.0.0.1:61809]

2026-05-26 14:07:19.129 INFO  [22236] [CServerManager::InitReq@24164] Bind address:[tcp://127.0.0.1:61809], nRet:[0]

2026-05-26 14:07:19.129 INFO  [22236] [CServerManager::InitReq@24168] SetSocketOpt, nRet:[0]

2026-05-26 14:07:19.129 INFO  [22236] [CServerManager::InitReq@24172] SetSocketOpt, nRet:[0]

2026-05-26 14:07:19.130 INFO  [22236] [CServerManager::InitReq@24248] SDK:Connect addr:[tcp://127.0.0.1:5556], nRet:[0]

2026-05-26 14:07:19.130 INFO  [22236] [CServerManager::InitReq@24258] SDK: Connect to vmserver rep[tcp://127.0.0.1:5556]

2026-05-26 14:07:19.130 INFO  [22236] [CServerManager::GetProxyRegisterState@23292] start.

2026-05-26 14:07:19.130 INFO  [22236] [CServerManager::GetProxyRegisterState@23364] end.

2026-05-26 14:07:19.130 INFO  [22236] [CServerManager::RegisterModule@24521] start

2026-05-26 14:07:19.131 INFO  [22236] [CServerManager::GetProcessDirectoryById@34481] SDK: Process path:[C:\Program Files\VisionMaster4.2.0\Applications\Server]

2026-05-26 14:07:19.131 INFO  [22236] [CServerManager::RegisterModule@24590] SDK: Register RepAddress:[]; Proxy pub address:[tcp://0.0.0.0:65072]

2026-05-26 14:07:19.131 INFO  [22236] [CServerManager::RegisterModule@24592] SDK: Register info. ClientType:[1]; GUID:[127.0.0.1:4364ACA1C7AC40C39936E237EB1B927B]

2026-05-26 14:07:19.143 INFO  [22236] [CServerManager::RegisterModule@24766] end

2026-05-26 14:07:19.143 INFO  [22236] [CServerManager::InitReq@24342] end

2026-05-26 14:07:19.144 INFO  [22236] [CServerManager::SM_Init@506] SDK: InitReq success.

2026-05-26 14:07:19.144 INFO  [22236] [CServerManager::SM_Init@515] SDK: StartSub success.

2026-05-26 14:07:19.144 INFO  [22236] [CServerManager::StartModuResSub@24943] start

2026-05-26 14:07:19.144 INFO  [22236] [CServerManager::StartModuResSub@24956] end

2026-05-26 14:07:19.144 INFO  [22236] [CServerManager::SM_Init@525] SDK: StartModuResSub success.

2026-05-26 14:07:19.144 INFO  [22236] [CServerManager::ProxyP2PConnect@36857] Begin

2026-05-26 14:07:19.144 INFO  [22236] [CServerManager::GetProxyP2PAddr@36801] start

2026-05-26 14:07:19.144 INFO  [18576] [CServerManager::HeartPairThreadProcess@25875] start

2026-05-26 14:07:19.144 INFO  [18260] [CServerManager::SubThreadProcess@24882] start

2026-05-26 14:07:19.144 INFO  [19004] [CServerManager::ModuResSubThreadProcess@25006] start

2026-05-26 14:07:19.144 INFO  [22236] [CServerManager::GetProxyP2PAddr@36847] end

2026-05-26 14:07:19.144 INFO  [22236] [ProxyP2PComm::InitP2PComm@60] start

2026-05-26 14:07:19.145 INFO  [22236] [ProxyP2PComm::InitP2PComm@97] end

2026-05-26 14:07:19.145 INFO  [22236] [CServerManager::ProxyP2PConnect@36872] End

2026-05-26 14:07:19.145 INFO  [22236] [CServerManager::SM_Init@563] end

2026-05-26 14:07:19.145 INFO  [22236] [CServerManager::SM_SetAllReportModuleResult@14887] start.

2026-05-26 14:07:19.145 INFO  [22236] [CServerManager::SM_SetAllReportModuleResult@14911] end.

2026-05-26 14:07:19.145 INFO  [22236] [CServerManager::SM_GetProcedureReentrant@21103] start.

2026-05-26 14:07:19.146 INFO  [22236] [CServerManager::SM_GetProcedureReentrant@21138] SDK: SM_GetProcedureReentrant nRecvBufLen:[228]

2026-05-26 14:07:19.146 INFO  [22236] [CServerManager::SM_GetProcedureReentrant@21186] end.

2026-05-26 14:07:19.146 INFO  [22236] [CClientManager::PF_CreateHandle@1535] end.

2026-05-26 14:07:19.678 INFO  [22236] [CServerManager::SM_RegisterOutputPlatformInfoCallBack@575] start

2026-05-26 14:07:19.678 INFO  [22236] [CServerManager::SM_RegisterOutputPlatformInfoCallBack@601] end

2026-05-26 14:07:19.682 INFO  [22236] [CServerManager::SM_CheckSolution@322] start

2026-05-26 14:07:19.690 INFO  [22236] [CServerManager::SM_CheckSolution@342] end

2026-05-26 14:07:19.696 INFO  [22236] [CServerManager::SM_LoadSolution@1701] start

2026-05-26 14:07:19.696 INFO  [22236] [CServerManager::SM_CheckSolution@322] start

2026-05-26 14:07:19.698 INFO  [22236] [CServerManager::SM_CheckSolution@342] end

2026-05-26 14:07:19.698 INFO  [22236] [CServerManager::SM_LoadSolution@1785] m_bIsTool:[0]

2026-05-26 14:07:19.698 INFO  [22236] [CServerManager::SM_LoadSolution@1788] Judge start.

2026-05-26 14:07:19.698 INFO  [22236] [CServerManager::SM_GetSolutionVersion@1484] start

2026-05-26 14:07:19.698 INFO  [22236] [CServerManager::SM_GetSolutionVersion@1504] SDK: UncompressOneFile start.

2026-05-26 14:07:19.699 INFO  [22236] [CServerManager::SM_GetSolutionVersion@1511] SDK: UncompressOneFile end.

2026-05-26 14:07:19.700 INFO  [22236] [CServerManager::SM_GetSolutionVersion@1533] end

2026-05-26 14:07:19.700 INFO  [22236] [CServerManager::SM_LoadSolution@1798] SM_GetSolutionVersion:[V4.3.0]

2026-05-26 14:07:19.700 INFO  [22236] [CServerManager::SM_LoadSolution@1807] Judge end.

2026-05-26 14:07:19.700 INFO  [22236] [CServerManager::SM_LoadSolution@1896] end

2026-05-26 14:07:19.700 INFO  [18260] [CServerManager::ParseLoadSolBeginInfo@28577] SDK: Callback load solution start information start.

2026-05-26 14:07:19.701 INFO  [18260] [CServerManager::ParseLoadSolBeginInfo@28594] SDK: Callback load solution start information end. ClientType:[1] Path:[D:\xcm\Test\相机拍与输出（无数据输出）2.sol]

2026-05-26 14:07:19.703 INFO  [18260] [CServerManager::ParseLoadSolProgressInfo@28813] SDK: Cb load solution process:[15]

2026-05-26 14:07:19.706 INFO  [19004] [CServerManager::ParseOutputResForSP@31494] SDK: Callback procedure stop execute info end. nProcessID:[10000]; nStatus:[0]; m_nStopIndex:[14]

2026-05-26 14:07:19.711 INFO  [18260] [CServerManager::ParseProcessStopRunInfo@29453] SDK: Stop from server nStopIndex:[0]

2026-05-26 14:07:19.711 INFO  [18260] [CServerManager::CallbackStopStatus@22955] SDK: Asny Callback procedure stop execute info end. nProcessID:[10000]; nStatus:[0]

2026-05-26 14:07:20.685 INFO  [18260] [CServerManager::ParseLoadSolProgressInfo@28813] SDK: Cb load solution process:[30]

2026-05-26 14:07:21.027 INFO  [18260] [CServerManager::ParseLoadSolProgressInfo@28813] SDK: Cb load solution process:[50]

2026-05-26 14:07:21.041 INFO  [18260] [CServerManager::ParseModuleReportData@29103] SDK: Callback communication data info start.

2026-05-26 14:07:21.041 INFO  [18260] [CServerManager::ParseModuleReportData@29153] SDK: Callback communication data info end. nType:[1025]

2026-05-26 14:07:21.045 INFO  [18260] [CServerManager::ParseModuleReportData@29264] SDK: Callback algorithm init register info start.

2026-05-26 14:07:21.045 INFO  [18260] [CServerManager::ParseModuleReportData@29282] SDK: Callback algorithm init register info end. ModuleID:[6], nType:[3221225472]

2026-05-26 14:07:26.526 INFO  [18260] [CServerManager::ParseLoadSolProgressInfo@28813] SDK: Cb load solution process:[75]

2026-05-26 14:07:26.526 INFO  [18260] [CServerManager::ParseGlobalProcessObjectInfo@33028] SDK: Cb global and process object information start.

2026-05-26 14:07:26.596 INFO  [18260] [CServerManager::ParseGlobalProcessObjectInfo@33042] SDK: Cb global and process object information end.

2026-05-26 14:07:26.596 INFO  [18260] [CServerManager::ParseLoadSolProgressInfo@28813] SDK: Cb load solution process:[85]

2026-05-26 14:07:26.596 INFO  [18260] [CServerManager::ParseLoadSolProgressInfo@28813] SDK: Cb load solution process:[90]

2026-05-26 14:07:26.596 INFO  [18260] [CServerManager::ParseLoadSolProgressInfo@28813] SDK: Cb load solution process:[100]

2026-05-26 14:07:26.596 INFO  [18260] [CServerManager::ParseLoadSolEndInfo@28662] SDK: Callback load solution end information start. nClientType:[1]; nStatus:[0]

2026-05-26 14:07:26.599 INFO  [18260] [CClientManager::PF_GetSolutionPath@9193] begin.

2026-05-26 14:07:26.599 INFO  [18260] [CServerManager::SM_GetSolutionPath@21223] start.

2026-05-26 14:07:26.599 INFO  [18260] [CServerManager::SM_GetSolutionPath@21329] end.

2026-05-26 14:07:26.599 INFO  [18260] [CClientManager::PF_GetSolutionPath@9241] end.

2026-05-26 14:07:26.601 INFO  [18260] [CServerManager::ParseLoadSolEndInfo@28675] SDK: Callback load solution end information end.

2026-05-26 14:07:26.601 INFO  [18260] [CServerManager::ParseExecuteAfterLoadInfo@30403] SDK: Callback execute state after load info start.

2026-05-26 14:07:26.601 INFO  [18260] [CServerManager::ParseExecuteAfterLoadInfo@30420] SDK: Callback execute state after load info end. State:[0]

2026-05-26 14:07:26.602 INFO  [22236] [CServerManager::SM_SetServerReadyEvent@13138] start

2026-05-26 14:07:26.603 INFO  [22236] [CServerManager::SM_SetServerReadyEvent@13151] end

2026-05-26 14:07:28.079 INFO  [22236] [CServerManager::SM_GetAllProcessList@5268] start

2026-05-26 14:07:28.079 INFO  [22236] [CServerManager::SM_GetAllProcessList@5394] end

2026-05-26 14:07:28.137 INFO  [22236] [CServerManager::SM_GetAllProcessList@5268] start

2026-05-26 14:07:28.138 INFO  [22236] [CServerManager::SM_GetAllProcessList@5394] end

2026-05-26 14:07:28.703 INFO  [22236] [CClientManager::CM_GetModuInputIOInfo@8473] begin.

2026-05-26 14:07:28.703 INFO  [22236] [CClientManager::CM_GetModuInputIOInfo@8515] new end

2026-05-26 14:07:28.703 INFO  [22236] [CClientManager::CM_GetModuInputIOInfo@8580] SM_DynamicGetBinaryData start.

2026-05-26 14:07:28.703 INFO  [22236] [CServerManager::SM_DynamicGetBinaryData@4583] start

2026-05-26 14:07:28.703 INFO  [22236] [CServerManager::SM_DynamicGetBinaryData@4642] SDK: SM_GetBinaryData nRecvBufLen: [170]

2026-05-26 14:07:28.703 INFO  [22236] [CServerManager::SM_DynamicGetBinaryData@4762] end

2026-05-26 14:07:28.703 INFO  [22236] [CClientManager::CM_GetModuInputIOInfo@8598] SM_DynamicGetBinaryData BinaryLength = [170]

2026-05-26 14:07:28.703 INFO  [22236] [CClientManager::GetIoNum@8369] Start

2026-05-26 14:07:28.703 INFO  [22236] [CClientManager::CM_GetModuInputIOInfo@8641] GetIoNum:[0]

2026-05-26 14:07:28.704 INFO  [22236] [CClientManager::CM_GetModuInputIOInfo@8687] end.

2026-05-26 14:07:28.704 INFO  [22236] [CClientManager::CM_GetModuOutputIOInfo@8693] begin.

2026-05-26 14:07:28.704 INFO  [22236] [CClientManager::CM_GetModuOutputIOInfo@8801] SM_DynamicGetBinaryData start.

2026-05-26 14:07:28.704 INFO  [22236] [CServerManager::SM_DynamicGetBinaryData@4583] start

2026-05-26 14:07:28.705 INFO  [22236] [CServerManager::SM_DynamicGetBinaryData@4642] SDK: SM_GetBinaryData nRecvBufLen: [12515]

2026-05-26 14:07:28.705 INFO  [22236] [CServerManager::SM_DynamicGetBinaryData@4762] end

2026-05-26 14:07:28.705 INFO  [22236] [CClientManager::CM_GetModuOutputIOInfo@8820] SM_DynamicGetBinaryData BinaryLength = [12515]

2026-05-26 14:07:28.705 INFO  [22236] [CClientManager::GetIoNum@8369] Start

2026-05-26 14:07:28.705 INFO  [22236] [CClientManager::CM_GetModuOutputIOInfo@8862] GetIoNum:[38]

2026-05-26 14:07:28.706 INFO  [22236] [CClientManager::CM_GetModuOutputIOInfo@8907] end.

2026-05-26 14:07:28.726 INFO  [22236] [CClientManager::CM_GetModuInputIOInfo@8473] begin.

2026-05-26 14:07:28.726 INFO  [22236] [CClientManager::CM_GetModuInputIOInfo@8515] new end

2026-05-26 14:07:28.726 INFO  [22236] [CClientManager::CM_GetModuInputIOInfo@8580] SM_DynamicGetBinaryData start.

2026-05-26 14:07:28.726 INFO  [22236] [CServerManager::SM_DynamicGetBinaryData@4583] start

2026-05-26 14:07:28.727 INFO  [22236] [CServerManager::SM_DynamicGetBinaryData@4642] SDK: SM_GetBinaryData nRecvBufLen: [1]

2026-05-26 14:07:28.727 INFO  [22236] [CServerManager::SM_DynamicGetBinaryData@4762] end

2026-05-26 14:07:28.727 INFO  [22236] [CClientManager::CM_GetModuInputIOInfo@8598] SM_DynamicGetBinaryData BinaryLength = [1]

2026-05-26 14:07:28.727 INFO  [22236] [CClientManager::CM_GetModuInputIOInfo@8687] end.

2026-05-26 14:07:28.727 INFO  [22236] [CClientManager::CM_GetModuOutputIOInfo@8693] begin.

2026-05-26 14:07:28.727 INFO  [22236] [CClientManager::CM_GetModuOutputIOInfo@8801] SM_DynamicGetBinaryData start.

2026-05-26 14:07:28.727 INFO  [22236] [CServerManager::SM_DynamicGetBinaryData@4583] start

2026-05-26 14:07:28.727 INFO  [22236] [CServerManager::SM_DynamicGetBinaryData@4642] SDK: SM_GetBinaryData nRecvBufLen: [1]

2026-05-26 14:07:28.727 INFO  [22236] [CServerManager::SM_DynamicGetBinaryData@4762] end

2026-05-26 14:07:28.727 INFO  [22236] [CClientManager::CM_GetModuOutputIOInfo@8820] SM_DynamicGetBinaryData BinaryLength = [1]

2026-05-26 14:07:28.727 INFO  [22236] [CClientManager::CM_GetModuOutputIOInfo@8907] end.

2026-05-26 14:07:28.729 INFO  [22236] [CClientManager::CM_GetModuInputIOInfo@8473] begin.

2026-05-26 14:07:28.729 INFO  [22236] [CClientManager::CM_GetModuInputIOInfo@8515] new end

2026-05-26 14:07:28.729 INFO  [22236] [CClientManager::CM_GetModuInputIOInfo@8580] SM_DynamicGetBinaryData start.

2026-05-26 14:07:28.729 INFO  [22236] [CServerManager::SM_DynamicGetBinaryData@4583] start

2026-05-26 14:07:28.730 INFO  [22236] [CServerManager::SM_DynamicGetBinaryData@4642] SDK: SM_GetBinaryData nRecvBufLen: [1]

2026-05-26 14:07:28.730 INFO  [22236] [CServerManager::SM_DynamicGetBinaryData@4762] end

2026-05-26 14:07:28.730 INFO  [22236] [CClientManager::CM_GetModuInputIOInfo@8598] SM_DynamicGetBinaryData BinaryLength = [1]

2026-05-26 14:07:28.730 INFO  [22236] [CClientManager::CM_GetModuInputIOInfo@8687] end.

2026-05-26 14:07:28.730 INFO  [22236] [CClientManager::CM_GetModuOutputIOInfo@8693] begin.

2026-05-26 14:07:28.730 INFO  [22236] [CClientManager::CM_GetModuOutputIOInfo@8801] SM_DynamicGetBinaryData start.

2026-05-26 14:07:28.730 INFO  [22236] [CServerManager::SM_DynamicGetBinaryData@4583] start

2026-05-26 14:07:28.731 INFO  [22236] [CServerManager::SM_DynamicGetBinaryData@4642] SDK: SM_GetBinaryData nRecvBufLen: [1]

2026-05-26 14:07:28.731 INFO  [22236] [CServerManager::SM_DynamicGetBinaryData@4762] end

2026-05-26 14:07:28.731 INFO  [22236] [CClientManager::CM_GetModuOutputIOInfo@8820] SM_DynamicGetBinaryData BinaryLength = [1]

2026-05-26 14:07:28.731 INFO  [22236] [CClientManager::CM_GetModuOutputIOInfo@8907] end.

2026-05-26 14:07:28.732 INFO  [22236] [CServerManager::SM_GetAllGlobalModule@17598] start.

2026-05-26 14:07:28.732 INFO  [22236] [CServerManager::SM_GetAllGlobalModule@17727] end.

2026-05-26 14:07:28.752 INFO  [22236] [CClientManager::CM_GetModuInputIOInfo@8473] begin.

2026-05-26 14:07:28.752 INFO  [22236] [CClientManager::CM_GetModuInputIOInfo@8515] new end

2026-05-26 14:07:28.752 INFO  [22236] [CClientManager::CM_GetModuInputIOInfo@8580] SM_DynamicGetBinaryData start.

2026-05-26 14:07:28.752 INFO  [22236] [CServerManager::SM_DynamicGetBinaryData@4583] start

2026-05-26 14:07:28.753 INFO  [22236] [CServerManager::SM_DynamicGetBinaryData@4642] SDK: SM_GetBinaryData nRecvBufLen: [1]

2026-05-26 14:07:28.753 INFO  [22236] [CServerManager::SM_DynamicGetBinaryData@4762] end

2026-05-26 14:07:28.753 INFO  [22236] [CClientManager::CM_GetModuInputIOInfo@8598] SM_DynamicGetBinaryData BinaryLength = [1]

2026-05-26 14:07:28.753 INFO  [22236] [CClientManager::CM_GetModuInputIOInfo@8687] end.

2026-05-26 14:07:28.753 INFO  [22236] [CClientManager::CM_GetModuOutputIOInfo@8693] begin.

2026-05-26 14:07:28.753 INFO  [22236] [CClientManager::CM_GetModuOutputIOInfo@8801] SM_DynamicGetBinaryData start.

2026-05-26 14:07:28.753 INFO  [22236] [CServerManager::SM_DynamicGetBinaryData@4583] start

2026-05-26 14:07:28.754 INFO  [22236] [CServerManager::SM_DynamicGetBinaryData@4642] SDK: SM_GetBinaryData nRecvBufLen: [1]

2026-05-26 14:07:28.754 INFO  [22236] [CServerManager::SM_DynamicGetBinaryData@4762] end

2026-05-26 14:07:28.754 INFO  [22236] [CClientManager::CM_GetModuOutputIOInfo@8820] SM_DynamicGetBinaryData BinaryLength = [1]

2026-05-26 14:07:28.754 INFO  [22236] [CClientManager::CM_GetModuOutputIOInfo@8907] end.

2026-05-26 14:07:28.767 INFO  [22236] [CClientManager::CM_GetModuInputIOInfo@8473] begin.

2026-05-26 14:07:28.767 INFO  [22236] [CClientManager::CM_GetModuInputIOInfo@8515] new end

2026-05-26 14:07:28.767 INFO  [22236] [CClientManager::CM_GetModuInputIOInfo@8580] SM_DynamicGetBinaryData start.

2026-05-26 14:07:28.767 INFO  [22236] [CServerManager::SM_DynamicGetBinaryData@4583] start

2026-05-26 14:07:28.768 INFO  [22236] [CServerManager::SM_DynamicGetBinaryData@4642] SDK: SM_GetBinaryData nRecvBufLen: [1]

2026-05-26 14:07:28.768 INFO  [22236] [CServerManager::SM_DynamicGetBinaryData@4762] end

2026-05-26 14:07:28.768 INFO  [22236] [CClientManager::CM_GetModuInputIOInfo@8598] SM_DynamicGetBinaryData BinaryLength = [1]

2026-05-26 14:07:28.768 INFO  [22236] [CClientManager::CM_GetModuInputIOInfo@8687] end.

2026-05-26 14:07:28.768 INFO  [22236] [CClientManager::CM_GetModuOutputIOInfo@8693] begin.

2026-05-26 14:07:28.768 INFO  [22236] [CClientManager::CM_GetModuOutputIOInfo@8801] SM_DynamicGetBinaryData start.

2026-05-26 14:07:28.768 INFO  [22236] [CServerManager::SM_DynamicGetBinaryData@4583] start

2026-05-26 14:07:28.769 INFO  [22236] [CServerManager::SM_DynamicGetBinaryData@4642] SDK: SM_GetBinaryData nRecvBufLen: [1]

2026-05-26 14:07:28.769 INFO  [22236] [CServerManager::SM_DynamicGetBinaryData@4762] end

2026-05-26 14:07:28.769 INFO  [22236] [CClientManager::CM_GetModuOutputIOInfo@8820] SM_DynamicGetBinaryData BinaryLength = [1]

2026-05-26 14:07:28.769 INFO  [22236] [CClientManager::CM_GetModuOutputIOInfo@8907] end.

2026-05-26 14:07:28.778 INFO  [22236] [CClientManager::CM_GetModuInputIOInfo@8473] begin.

2026-05-26 14:07:28.778 INFO  [22236] [CClientManager::CM_GetModuInputIOInfo@8515] new end

2026-05-26 14:07:28.778 INFO  [22236] [CClientManager::CM_GetModuInputIOInfo@8580] SM_DynamicGetBinaryData start.

2026-05-26 14:07:28.778 INFO  [22236] [CServerManager::SM_DynamicGetBinaryData@4583] start

2026-05-26 14:07:28.779 INFO  [22236] [CServerManager::SM_DynamicGetBinaryData@4642] SDK: SM_GetBinaryData nRecvBufLen: [1]

2026-05-26 14:07:28.779 INFO  [22236] [CServerManager::SM_DynamicGetBinaryData@4762] end

2026-05-26 14:07:28.779 INFO  [22236] [CClientManager::CM_GetModuInputIOInfo@8598] SM_DynamicGetBinaryData BinaryLength = [1]

2026-05-26 14:07:28.779 INFO  [22236] [CClientManager::CM_GetModuInputIOInfo@8687] end.

2026-05-26 14:07:28.779 INFO  [22236] [CClientManager::CM_GetModuOutputIOInfo@8693] begin.

2026-05-26 14:07:28.779 INFO  [22236] [CClientManager::CM_GetModuOutputIOInfo@8801] SM_DynamicGetBinaryData start.

2026-05-26 14:07:28.779 INFO  [22236] [CServerManager::SM_DynamicGetBinaryData@4583] start

2026-05-26 14:07:28.780 INFO  [22236] [CServerManager::SM_DynamicGetBinaryData@4642] SDK: SM_GetBinaryData nRecvBufLen: [1]

2026-05-26 14:07:28.780 INFO  [22236] [CServerManager::SM_DynamicGetBinaryData@4762] end

2026-05-26 14:07:28.780 INFO  [22236] [CClientManager::CM_GetModuOutputIOInfo@8820] SM_DynamicGetBinaryData BinaryLength = [1]

2026-05-26 14:07:28.780 INFO  [22236] [CClientManager::CM_GetModuOutputIOInfo@8907] end.

2026-05-26 14:07:28.783 INFO  [22236] [CServerManager::SM_FuzzyQueryUIParamValue@17802] start.

2026-05-26 14:07:28.783 INFO  [22236] [CServerManager::SM_FuzzyQueryUIParamValue@17869] SDK: FuzzyQueryUIParamValue name:[SourceIndex], nRecvBufLen:[63]

2026-05-26 14:07:28.783 INFO  [22236] [CServerManager::SM_FuzzyQueryUIParamValue@17952] end.

2026-05-26 14:07:28.783 INFO  [22236] [CServerManager::SM_FuzzyQueryUIParamValue@17802] start.

2026-05-26 14:07:28.784 INFO  [22236] [CServerManager::SM_FuzzyQueryUIParamValue@17869] SDK: FuzzyQueryUIParamValue name:[TargetIndex], nRecvBufLen:[63]

2026-05-26 14:07:28.784 INFO  [22236] [CServerManager::SM_FuzzyQueryUIParamValue@17952] end.

2026-05-26 14:07:28.784 INFO  [22236] [CServerManager::SM_FuzzyQueryUIParamValue@17802] start.

2026-05-26 14:07:28.784 INFO  [22236] [CServerManager::SM_FuzzyQueryUIParamValue@17869] SDK: FuzzyQueryUIParamValue name:[Position], nRecvBufLen:[14]

2026-05-26 14:07:28.784 ERROR [22236] [CServerManager::SM_FuzzyQueryUIParamValue@17904] SDK: Parse server protocol fail. msg:[Err*-536870911]

2026-05-26 14:07:28.784 ERROR [22236] [CServerManager::SM_FuzzyQueryUIParamValue@17942] catch... nRet = [e0000001]

2026-05-26 14:07:28.784 INFO  [22236] [CServerManager::SM_GetMultiModuEnableState@6081] start

2026-05-26 14:07:28.785 INFO  [22236] [CServerManager::SM_GetMultiModuEnableState@6193] end

2026-05-26 14:07:29.170 INFO  [22236] [CServerManager::SM_GetUIParamValueByObject@14146] start.

2026-05-26 14:07:29.170 INFO  [22236] [CServerManager::SM_GetUIParamValueByObject@14214] SDK: DataType size:[1]

2026-05-26 14:07:29.170 INFO  [22236] [CServerManager::SM_GetUIParamValueByObject@14291] end.

2026-05-26 14:07:29.205 INFO  [22236] [CServerManager::SM_GetProcedureShieldGlobalCtrl@5922] start

2026-05-26 14:07:29.205 INFO  [22236] [CServerManager::SM_GetProcedureShieldGlobalCtrl@5999] end

2026-05-26 14:07:29.209 INFO  [22236] [CServerManager::SM_SetReportModuleResult@14762] start.

2026-05-26 14:07:29.210 INFO  [22236] [CServerManager::SM_SetReportModuleResult@14839] end.

2026-05-26 14:07:29.221 INFO  [22236] [CServerManager::SM_GetFirstLayerModuleTree@14297] start.

2026-05-26 14:07:29.221 INFO  [22236] [CServerManager::SM_GetFirstLayerModuleTree@14416] end.

2026-05-26 14:07:29.242 INFO  [22236] [CClientManager::CM_GetModuInputIOInfo@8473] begin.

2026-05-26 14:07:29.242 INFO  [22236] [CClientManager::CM_GetModuInputIOInfo@8515] new end

2026-05-26 14:07:29.242 INFO  [22236] [CClientManager::CM_GetModuInputIOInfo@8580] SM_DynamicGetBinaryData start.

2026-05-26 14:07:29.242 INFO  [22236] [CServerManager::SM_DynamicGetBinaryData@4583] start

2026-05-26 14:07:29.243 INFO  [22236] [CServerManager::SM_DynamicGetBinaryData@4642] SDK: SM_GetBinaryData nRecvBufLen: [521]

2026-05-26 14:07:29.243 INFO  [22236] [CServerManager::SM_DynamicGetBinaryData@4762] end

2026-05-26 14:07:29.243 INFO  [22236] [CClientManager::CM_GetModuInputIOInfo@8598] SM_DynamicGetBinaryData BinaryLength = [521]

2026-05-26 14:07:29.243 INFO  [22236] [CClientManager::GetIoNum@8369] Start

2026-05-26 14:07:29.243 INFO  [22236] [CClientManager::CM_GetModuInputIOInfo@8641] GetIoNum:[4]

2026-05-26 14:07:29.243 INFO  [22236] [CClientManager::CM_GetModuInputIOInfo@8687] end.

2026-05-26 14:07:29.243 INFO  [22236] [CClientManager::CM_GetModuOutputIOInfo@8693] begin.

2026-05-26 14:07:29.243 INFO  [22236] [CClientManager::CM_GetModuOutputIOInfo@8801] SM_DynamicGetBinaryData start.

2026-05-26 14:07:29.243 INFO  [22236] [CServerManager::SM_DynamicGetBinaryData@4583] start

2026-05-26 14:07:29.244 INFO  [22236] [CServerManager::SM_DynamicGetBinaryData@4642] SDK: SM_GetBinaryData nRecvBufLen: [1996]

2026-05-26 14:07:29.244 INFO  [22236] [CServerManager::SM_DynamicGetBinaryData@4762] end

2026-05-26 14:07:29.244 INFO  [22236] [CClientManager::CM_GetModuOutputIOInfo@8820] SM_DynamicGetBinaryData BinaryLength = [1996]

2026-05-26 14:07:29.244 INFO  [22236] [CClientManager::GetIoNum@8369] Start

2026-05-26 14:07:29.244 INFO  [22236] [CClientManager::CM_GetModuOutputIOInfo@8862] GetIoNum:[7]

2026-05-26 14:07:29.244 INFO  [22236] [CClientManager::CM_GetModuOutputIOInfo@8907] end.

2026-05-26 14:07:29.267 INFO  [22236] [CClientManager::CM_GetModuInputIOInfo@8473] begin.

2026-05-26 14:07:29.267 INFO  [22236] [CClientManager::CM_GetModuInputIOInfo@8515] new end

2026-05-26 14:07:29.267 INFO  [22236] [CClientManager::CM_GetModuInputIOInfo@8580] SM_DynamicGetBinaryData start.

2026-05-26 14:07:29.267 INFO  [22236] [CServerManager::SM_DynamicGetBinaryData@4583] start

2026-05-26 14:07:29.269 INFO  [22236] [CServerManager::SM_DynamicGetBinaryData@4642] SDK: SM_GetBinaryData nRecvBufLen: [4752]

2026-05-26 14:07:29.269 INFO  [22236] [CServerManager::SM_DynamicGetBinaryData@4762] end

2026-05-26 14:07:29.269 INFO  [22236] [CClientManager::CM_GetModuInputIOInfo@8598] SM_DynamicGetBinaryData BinaryLength = [4752]

2026-05-26 14:07:29.269 INFO  [22236] [CClientManager::GetIoNum@8369] Start

2026-05-26 14:07:29.269 INFO  [22236] [CClientManager::CM_GetModuInputIOInfo@8641] GetIoNum:[8]

2026-05-26 14:07:29.269 INFO  [22236] [CClientManager::CM_GetModuInputIOInfo@8687] end.

2026-05-26 14:07:29.270 INFO  [22236] [CClientManager::CM_GetModuOutputIOInfo@8693] begin.

2026-05-26 14:07:29.270 INFO  [22236] [CClientManager::CM_GetModuOutputIOInfo@8801] SM_DynamicGetBinaryData start.

2026-05-26 14:07:29.270 INFO  [22236] [CServerManager::SM_DynamicGetBinaryData@4583] start

2026-05-26 14:07:29.271 INFO  [22236] [CServerManager::SM_DynamicGetBinaryData@4642] SDK: SM_GetBinaryData nRecvBufLen: [1222]

2026-05-26 14:07:29.271 INFO  [22236] [CServerManager::SM_DynamicGetBinaryData@4762] end

2026-05-26 14:07:29.271 INFO  [22236] [CClientManager::CM_GetModuOutputIOInfo@8820] SM_DynamicGetBinaryData BinaryLength = [1222]

2026-05-26 14:07:29.271 INFO  [22236] [CClientManager::GetIoNum@8369] Start

2026-05-26 14:07:29.271 INFO  [22236] [CClientManager::CM_GetModuOutputIOInfo@8862] GetIoNum:[6]

2026-05-26 14:07:29.271 INFO  [22236] [CClientManager::CM_GetModuOutputIOInfo@8907] end.

2026-05-26 14:07:29.293 INFO  [22236] [CClientManager::CM_GetModuInputIOInfo@8473] begin.

2026-05-26 14:07:29.293 INFO  [22236] [CClientManager::CM_GetModuInputIOInfo@8515] new end

2026-05-26 14:07:29.293 INFO  [22236] [CClientManager::CM_GetModuInputIOInfo@8580] SM_DynamicGetBinaryData start.

2026-05-26 14:07:29.293 INFO  [22236] [CServerManager::SM_DynamicGetBinaryData@4583] start

2026-05-26 14:07:29.294 INFO  [22236] [CServerManager::SM_DynamicGetBinaryData@4642] SDK: SM_GetBinaryData nRecvBufLen: [2990]

2026-05-26 14:07:29.294 INFO  [22236] [CServerManager::SM_DynamicGetBinaryData@4762] end

2026-05-26 14:07:29.294 INFO  [22236] [CClientManager::CM_GetModuInputIOInfo@8598] SM_DynamicGetBinaryData BinaryLength = [2990]

2026-05-26 14:07:29.294 INFO  [22236] [CClientManager::GetIoNum@8369] Start

2026-05-26 14:07:29.294 INFO  [22236] [CClientManager::CM_GetModuInputIOInfo@8641] GetIoNum:[4]

2026-05-26 14:07:29.294 INFO  [22236] [CClientManager::CM_GetModuInputIOInfo@8687] end.

2026-05-26 14:07:29.295 INFO  [22236] [CClientManager::CM_GetModuOutputIOInfo@8693] begin.

2026-05-26 14:07:29.295 INFO  [22236] [CClientManager::CM_GetModuOutputIOInfo@8801] SM_DynamicGetBinaryData start.

2026-05-26 14:07:29.295 INFO  [22236] [CServerManager::SM_DynamicGetBinaryData@4583] start

2026-05-26 14:07:29.296 INFO  [22236] [CServerManager::SM_DynamicGetBinaryData@4642] SDK: SM_GetBinaryData nRecvBufLen: [5465]

2026-05-26 14:07:29.296 INFO  [22236] [CServerManager::SM_DynamicGetBinaryData@4762] end

2026-05-26 14:07:29.296 INFO  [22236] [CClientManager::CM_GetModuOutputIOInfo@8820] SM_DynamicGetBinaryData BinaryLength = [5465]

2026-05-26 14:07:29.296 INFO  [22236] [CClientManager::GetIoNum@8369] Start

2026-05-26 14:07:29.296 INFO  [22236] [CClientManager::CM_GetModuOutputIOInfo@8862] GetIoNum:[15]

2026-05-26 14:07:29.297 INFO  [22236] [CClientManager::CM_GetModuOutputIOInfo@8907] end.

2026-05-26 14:07:29.309 INFO  [22236] [CClientManager::CM_GetModuInputIOInfo@8473] begin.

2026-05-26 14:07:29.309 INFO  [22236] [CClientManager::CM_GetModuInputIOInfo@8515] new end

2026-05-26 14:07:29.309 INFO  [22236] [CClientManager::CM_GetModuInputIOInfo@8580] SM_DynamicGetBinaryData start.

2026-05-26 14:07:29.309 INFO  [22236] [CServerManager::SM_DynamicGetBinaryData@4583] start

2026-05-26 14:07:29.310 INFO  [22236] [CServerManager::SM_DynamicGetBinaryData@4642] SDK: SM_GetBinaryData nRecvBufLen: [3830]

2026-05-26 14:07:29.310 INFO  [22236] [CServerManager::SM_DynamicGetBinaryData@4762] end

2026-05-26 14:07:29.310 INFO  [22236] [CClientManager::CM_GetModuInputIOInfo@8598] SM_DynamicGetBinaryData BinaryLength = [3830]

2026-05-26 14:07:29.310 INFO  [22236] [CClientManager::GetIoNum@8369] Start

2026-05-26 14:07:29.310 INFO  [22236] [CClientManager::CM_GetModuInputIOInfo@8641] GetIoNum:[5]

2026-05-26 14:07:29.310 INFO  [22236] [CClientManager::CM_GetModuInputIOInfo@8687] end.

2026-05-26 14:07:29.311 INFO  [22236] [CClientManager::CM_GetModuOutputIOInfo@8693] begin.

2026-05-26 14:07:29.311 INFO  [22236] [CClientManager::CM_GetModuOutputIOInfo@8801] SM_DynamicGetBinaryData start.

2026-05-26 14:07:29.311 INFO  [22236] [CServerManager::SM_DynamicGetBinaryData@4583] start

2026-05-26 14:07:29.312 INFO  [22236] [CServerManager::SM_DynamicGetBinaryData@4642] SDK: SM_GetBinaryData nRecvBufLen: [7376]

2026-05-26 14:07:29.312 INFO  [22236] [CServerManager::SM_DynamicGetBinaryData@4762] end

2026-05-26 14:07:29.312 INFO  [22236] [CClientManager::CM_GetModuOutputIOInfo@8820] SM_DynamicGetBinaryData BinaryLength = [7376]

2026-05-26 14:07:29.312 INFO  [22236] [CClientManager::GetIoNum@8369] Start

2026-05-26 14:07:29.312 INFO  [22236] [CClientManager::CM_GetModuOutputIOInfo@8862] GetIoNum:[9]

2026-05-26 14:07:29.313 INFO  [22236] [CClientManager::CM_GetModuOutputIOInfo@8907] end.

2026-05-26 14:07:29.332 INFO  [22236] [CClientManager::CM_GetModuInputIOInfo@8473] begin.

2026-05-26 14:07:29.332 INFO  [22236] [CClientManager::CM_GetModuInputIOInfo@8515] new end

2026-05-26 14:07:29.332 INFO  [22236] [CClientManager::CM_GetModuInputIOInfo@8580] SM_DynamicGetBinaryData start.

2026-05-26 14:07:29.332 INFO  [22236] [CServerManager::SM_DynamicGetBinaryData@4583] start

2026-05-26 14:07:29.334 INFO  [22236] [CServerManager::SM_DynamicGetBinaryData@4642] SDK: SM_GetBinaryData nRecvBufLen: [3223]

2026-05-26 14:07:29.334 INFO  [22236] [CServerManager::SM_DynamicGetBinaryData@4762] end

2026-05-26 14:07:29.334 INFO  [22236] [CClientManager::CM_GetModuInputIOInfo@8598] SM_DynamicGetBinaryData BinaryLength = [3223]

2026-05-26 14:07:29.334 INFO  [22236] [CClientManager::GetIoNum@8369] Start

2026-05-26 14:07:29.334 INFO  [22236] [CClientManager::CM_GetModuInputIOInfo@8641] GetIoNum:[3]

2026-05-26 14:07:29.334 INFO  [22236] [CClientManager::CM_GetModuInputIOInfo@8687] end.

2026-05-26 14:07:29.335 INFO  [22236] [CClientManager::CM_GetModuOutputIOInfo@8693] begin.

2026-05-26 14:07:29.335 INFO  [22236] [CClientManager::CM_GetModuOutputIOInfo@8801] SM_DynamicGetBinaryData start.

2026-05-26 14:07:29.335 INFO  [22236] [CServerManager::SM_DynamicGetBinaryData@4583] start

2026-05-26 14:07:29.337 INFO  [22236] [CServerManager::SM_DynamicGetBinaryData@4642] SDK: SM_GetBinaryData nRecvBufLen: [4804]

2026-05-26 14:07:29.337 INFO  [22236] [CServerManager::SM_DynamicGetBinaryData@4762] end

2026-05-26 14:07:29.337 INFO  [22236] [CClientManager::CM_GetModuOutputIOInfo@8820] SM_DynamicGetBinaryData BinaryLength = [4804]

2026-05-26 14:07:29.337 INFO  [22236] [CClientManager::GetIoNum@8369] Start

2026-05-26 14:07:29.337 INFO  [22236] [CClientManager::CM_GetModuOutputIOInfo@8862] GetIoNum:[15]

2026-05-26 14:07:29.337 INFO  [22236] [CClientManager::CM_GetModuOutputIOInfo@8907] end.

2026-05-26 14:07:29.368 INFO  [22236] [CClientManager::CM_GetModuInputIOInfo@8473] begin.

2026-05-26 14:07:29.368 INFO  [22236] [CClientManager::CM_GetModuInputIOInfo@8515] new end

2026-05-26 14:07:29.368 INFO  [22236] [CClientManager::CM_GetModuInputIOInfo@8580] SM_DynamicGetBinaryData start.

2026-05-26 14:07:29.368 INFO  [22236] [CServerManager::SM_DynamicGetBinaryData@4583] start

2026-05-26 14:07:29.369 INFO  [22236] [CServerManager::SM_DynamicGetBinaryData@4642] SDK: SM_GetBinaryData nRecvBufLen: [787]

2026-05-26 14:07:29.369 INFO  [22236] [CServerManager::SM_DynamicGetBinaryData@4762] end

2026-05-26 14:07:29.369 INFO  [22236] [CClientManager::CM_GetModuInputIOInfo@8598] SM_DynamicGetBinaryData BinaryLength = [787]

2026-05-26 14:07:29.369 INFO  [22236] [CClientManager::GetIoNum@8369] Start

2026-05-26 14:07:29.370 INFO  [22236] [CClientManager::CM_GetModuInputIOInfo@8641] GetIoNum:[2]

2026-05-26 14:07:29.370 INFO  [22236] [CClientManager::CM_GetModuInputIOInfo@8687] end.

2026-05-26 14:07:29.370 INFO  [22236] [CClientManager::CM_GetModuOutputIOInfo@8693] begin.

2026-05-26 14:07:29.370 INFO  [22236] [CClientManager::CM_GetModuOutputIOInfo@8801] SM_DynamicGetBinaryData start.

2026-05-26 14:07:29.370 INFO  [22236] [CServerManager::SM_DynamicGetBinaryData@4583] start

2026-05-26 14:07:29.371 INFO  [22236] [CServerManager::SM_DynamicGetBinaryData@4642] SDK: SM_GetBinaryData nRecvBufLen: [2371]

2026-05-26 14:07:29.371 INFO  [22236] [CServerManager::SM_DynamicGetBinaryData@4762] end

2026-05-26 14:07:29.371 INFO  [22236] [CClientManager::CM_GetModuOutputIOInfo@8820] SM_DynamicGetBinaryData BinaryLength = [2371]

2026-05-26 14:07:29.371 INFO  [22236] [CClientManager::GetIoNum@8369] Start

2026-05-26 14:07:29.371 INFO  [22236] [CClientManager::CM_GetModuOutputIOInfo@8862] GetIoNum:[7]

2026-05-26 14:07:29.371 INFO  [22236] [CClientManager::CM_GetModuOutputIOInfo@8907] end.

2026-05-26 14:07:29.389 INFO  [22236] [CClientManager::CM_GetModuInputIOInfo@8473] begin.

2026-05-26 14:07:29.389 INFO  [22236] [CClientManager::CM_GetModuInputIOInfo@8515] new end

2026-05-26 14:07:29.389 INFO  [22236] [CClientManager::CM_GetModuInputIOInfo@8580] SM_DynamicGetBinaryData start.

2026-05-26 14:07:29.389 INFO  [22236] [CServerManager::SM_DynamicGetBinaryData@4583] start

2026-05-26 14:07:29.390 INFO  [22236] [CServerManager::SM_DynamicGetBinaryData@4642] SDK: SM_GetBinaryData nRecvBufLen: [491]

2026-05-26 14:07:29.390 INFO  [22236] [CServerManager::SM_DynamicGetBinaryData@4762] end

2026-05-26 14:07:29.390 INFO  [22236] [CClientManager::CM_GetModuInputIOInfo@8598] SM_DynamicGetBinaryData BinaryLength = [491]

2026-05-26 14:07:29.390 INFO  [22236] [CClientManager::GetIoNum@8369] Start

2026-05-26 14:07:29.390 INFO  [22236] [CClientManager::CM_GetModuInputIOInfo@8641] GetIoNum:[1]

2026-05-26 14:07:29.390 INFO  [22236] [CClientManager::CM_GetModuInputIOInfo@8687] end.

2026-05-26 14:07:29.390 INFO  [22236] [CClientManager::CM_GetModuOutputIOInfo@8693] begin.

2026-05-26 14:07:29.390 INFO  [22236] [CClientManager::CM_GetModuOutputIOInfo@8801] SM_DynamicGetBinaryData start.

2026-05-26 14:07:29.390 INFO  [22236] [CServerManager::SM_DynamicGetBinaryData@4583] start

2026-05-26 14:07:29.391 INFO  [22236] [CServerManager::SM_DynamicGetBinaryData@4642] SDK: SM_GetBinaryData nRecvBufLen: [264]

2026-05-26 14:07:29.391 INFO  [22236] [CServerManager::SM_DynamicGetBinaryData@4762] end

2026-05-26 14:07:29.391 INFO  [22236] [CClientManager::CM_GetModuOutputIOInfo@8820] SM_DynamicGetBinaryData BinaryLength = [264]

2026-05-26 14:07:29.391 INFO  [22236] [CClientManager::GetIoNum@8369] Start

2026-05-26 14:07:29.391 INFO  [22236] [CClientManager::CM_GetModuOutputIOInfo@8862] GetIoNum:[2]

2026-05-26 14:07:29.391 INFO  [22236] [CClientManager::CM_GetModuOutputIOInfo@8907] end.

2026-05-26 14:07:29.394 INFO  [22236] [CServerManager::SM_QueryModuleRunningState@15055] start.

2026-05-26 14:07:29.394 INFO  [22236] [CServerManager::SM_QueryModuleRunningState@15065] SDK: SM_QueryModuleRunningState nModuleNum:[7]

2026-05-26 14:07:29.395 INFO  [22236] [CServerManager::SM_QueryModuleRunningState@15111] SDK: SM_QueryModuleRunningState nRecvBufLen:[2043]

2026-05-26 14:07:29.395 INFO  [22236] [CServerManager::SM_QueryModuleRunningState@15173] end.

2026-05-26 14:07:29.396 INFO  [22236] [CServerManager::SM_FuzzyQueryUIParamValue@17802] start.

2026-05-26 14:07:29.396 INFO  [22236] [CServerManager::SM_FuzzyQueryUIParamValue@17869] SDK: FuzzyQueryUIParamValue name:[SourceIndex], nRecvBufLen:[786]

2026-05-26 14:07:29.396 INFO  [22236] [CServerManager::SM_FuzzyQueryUIParamValue@17952] end.

2026-05-26 14:07:29.397 INFO  [22236] [CServerManager::SM_FuzzyQueryUIParamValue@17802] start.

2026-05-26 14:07:29.397 INFO  [22236] [CServerManager::SM_FuzzyQueryUIParamValue@17869] SDK: FuzzyQueryUIParamValue name:[TargetIndex], nRecvBufLen:[786]

2026-05-26 14:07:29.397 INFO  [22236] [CServerManager::SM_FuzzyQueryUIParamValue@17952] end.

2026-05-26 14:07:29.397 INFO  [22236] [CServerManager::SM_FuzzyQueryUIParamValue@17802] start.

2026-05-26 14:07:29.398 INFO  [22236] [CServerManager::SM_FuzzyQueryUIParamValue@17869] SDK: FuzzyQueryUIParamValue name:[Position], nRecvBufLen:[271]

2026-05-26 14:07:29.398 INFO  [22236] [CServerManager::SM_FuzzyQueryUIParamValue@17952] end.

2026-05-26 14:07:29.399 INFO  [22236] [CServerManager::SM_GetMultiModuEnableState@6081] start

2026-05-26 14:07:29.399 INFO  [22236] [CServerManager::SM_GetMultiModuEnableState@6193] end

2026-05-26 14:07:29.420 INFO  [22236] [CServerManager::SM_GetMultiModuleSubscribe@17433] start.

2026-05-26 14:07:29.420 INFO  [22236] [CServerManager::SM_GetMultiModuleSubscribe@17592] end.

2026-05-26 14:07:46.647 INFO  [22236] [CServerManager::SM_CheckSolution@322] start

2026-05-26 14:07:46.684 INFO  [22236] [CServerManager::SM_CheckSolution@342] end

2026-05-26 14:07:46.684 INFO  [22236] [CServerManager::SM_LoadSolution@1701] start

2026-05-26 14:07:46.684 INFO  [22236] [CServerManager::SM_CheckSolution@322] start

2026-05-26 14:07:46.688 INFO  [22236] [CServerManager::SM_CheckSolution@342] end

2026-05-26 14:07:46.688 INFO  [22236] [CServerManager::SM_LoadSolution@1785] m_bIsTool:[0]

2026-05-26 14:07:46.688 INFO  [22236] [CServerManager::SM_LoadSolution@1788] Judge start.

2026-05-26 14:07:46.688 INFO  [22236] [CServerManager::SM_GetSolutionVersion@1484] start

2026-05-26 14:07:46.688 INFO  [22236] [CServerManager::SM_GetSolutionVersion@1504] SDK: UncompressOneFile start.

2026-05-26 14:07:46.688 INFO  [22236] [CServerManager::SM_GetSolutionVersion@1511] SDK: UncompressOneFile end.

2026-05-26 14:07:46.689 INFO  [22236] [CServerManager::SM_GetSolutionVersion@1533] end

2026-05-26 14:07:46.689 INFO  [22236] [CServerManager::SM_LoadSolution@1798] SM_GetSolutionVersion:[V4.3.0]

2026-05-26 14:07:46.689 INFO  [22236] [CServerManager::SM_LoadSolution@1807] Judge end.

2026-05-26 14:07:46.689 INFO  [22236] [CServerManager::SM_LoadSolution@1896] end

2026-05-26 14:07:46.689 INFO  [18260] [CServerManager::ParseLoadSolBeginInfo@28577] SDK: Callback load solution start information start.

2026-05-26 14:07:46.689 INFO  [18260] [CServerManager::ParseLoadSolBeginInfo@28594] SDK: Callback load solution start information end. ClientType:[1] Path:[D:\xcm\Test\图像-fanks.sol]

2026-05-26 14:07:46.693 INFO  [18260] [CServerManager::ParseLoadSolProgressInfo@28813] SDK: Cb load solution process:[15]

2026-05-26 14:07:46.694 INFO  [19004] [CServerManager::ParseOutputResForSP@31494] SDK: Callback procedure stop execute info end. nProcessID:[10000]; nStatus:[0]; m_nStopIndex:[15]

2026-05-26 14:07:46.694 INFO  [19004] [CServerManager::ParseOutputResForSP@31494] SDK: Callback procedure stop execute info end. nProcessID:[10001]; nStatus:[0]; m_nStopIndex:[16]

2026-05-26 14:07:46.695 INFO  [19004] [CServerManager::ParseOutputResForSP@31494] SDK: Callback procedure stop execute info end. nProcessID:[10002]; nStatus:[0]; m_nStopIndex:[17]

2026-05-26 14:07:46.696 INFO  [18260] [CServerManager::ParseProcessStopRunInfo@29453] SDK: Stop from server nStopIndex:[0]

2026-05-26 14:07:46.696 INFO  [18260] [CServerManager::CallbackStopStatus@22955] SDK: Asny Callback procedure stop execute info end. nProcessID:[10000]; nStatus:[0]

2026-05-26 14:07:46.696 INFO  [18260] [CServerManager::ParseProcessStopRunInfo@29453] SDK: Stop from server nStopIndex:[0]

2026-05-26 14:07:46.696 INFO  [18260] [CServerManager::CallbackStopStatus@22955] SDK: Asny Callback procedure stop execute info end. nProcessID:[10001]; nStatus:[0]

2026-05-26 14:07:46.696 INFO  [18260] [CServerManager::ParseProcessStopRunInfo@29453] SDK: Stop from server nStopIndex:[0]

2026-05-26 14:07:46.696 INFO  [18260] [CServerManager::CallbackStopStatus@22955] SDK: Asny Callback procedure stop execute info end. nProcessID:[10002]; nStatus:[0]

2026-05-26 14:07:49.637 INFO  [18260] [CServerManager::ParseLoadSolProgressInfo@28813] SDK: Cb load solution process:[30]

2026-05-26 14:07:49.938 INFO  [18260] [CServerManager::ParseLoadSolProgressInfo@28813] SDK: Cb load solution process:[50]

2026-05-26 14:07:49.951 INFO  [18260] [CServerManager::ParseModuleReportData@29264] SDK: Callback algorithm init register info start.

2026-05-26 14:07:49.952 INFO  [18260] [CServerManager::ParseModuleReportData@29282] SDK: Callback algorithm init register info end. ModuleID:[6], nType:[3221225472]

2026-05-26 14:07:49.952 INFO  [18260] [CServerManager::ParseModuleReportData@29103] SDK: Callback communication data info start.

2026-05-26 14:07:49.952 INFO  [18260] [CServerManager::ParseModuleReportData@29153] SDK: Callback communication data info end. nType:[1025]

2026-05-26 14:08:09.346 INFO  [22236] [CServerManager::SM_SetNoneReportModuleResult@14917] start.

2026-05-26 14:08:10.362 INFO  [18260] [CServerManager::ParseProcessStopRunInfo@29453] SDK: Stop from server nStopIndex:[0]

2026-05-26 14:08:10.362 INFO  [18260] [CServerManager::CallbackStopStatus@22955] SDK: Asny Callback procedure stop execute info end. nProcessID:[10000]; nStatus:[0]

2026-05-26 14:08:10.362 INFO  [18260] [CServerManager::ParseProcessStopRunInfo@29453] SDK: Stop from server nStopIndex:[0]

2026-05-26 14:08:10.362 INFO  [18260] [CServerManager::CallbackStopStatus@22955] SDK: Asny Callback procedure stop execute info end. nProcessID:[10001]; nStatus:[0]

2026-05-26 14:08:10.362 INFO  [18260] [CServerManager::ParseProcessStopRunInfo@29453] SDK: Stop from server nStopIndex:[0]

2026-05-26 14:08:10.362 INFO  [18260] [CServerManager::CallbackStopStatus@22955] SDK: Asny Callback procedure stop execute info end. nProcessID:[10002]; nStatus:[0]

2026-05-26 14:08:10.747 INFO  [18260] [CServerManager::ParseStopExecuteStart@28984] SDK: Callback stop execution start information start.

2026-05-26 14:08:10.747 INFO  [18260] [CServerManager::ParseStopExecuteStart@29001] SDK: Callback stop execution start information end.

2026-05-26 14:08:10.747 INFO  [18260] [CServerManager::StopModuResSub@24968] start

2026-05-26 14:08:10.836 INFO  [19004] [CServerManager::ModuResSubThreadProcessByHKRMQ@25113] end

2026-05-26 14:08:10.836 INFO  [18260] [CServerManager::StopModuResSub@24978] end

2026-05-26 14:08:10.838 INFO  [18260] [CServerManager::ParseProxyCrashInfo@29892] SDK: Callback proxy crash info end. nSolStatu:[0]

2026-05-26 14:08:10.838 INFO  [18260] [CServerManager::ParseProcessStopRunInfo@29453] SDK: Stop from server nStopIndex:[0]

2026-05-26 14:08:10.838 INFO  [18260] [CServerManager::CallbackStopStatus@22955] SDK: Asny Callback procedure stop execute info end. nProcessID:[10000]; nStatus:[0]

2026-05-26 14:08:10.838 INFO  [18260] [CServerManager::ParseProcessStopRunInfo@29453] SDK: Stop from server nStopIndex:[0]

2026-05-26 14:08:10.838 INFO  [18260] [CServerManager::CallbackStopStatus@22955] SDK: Asny Callback procedure stop execute info end. nProcessID:[10001]; nStatus:[0]

2026-05-26 14:08:10.838 INFO  [18260] [CServerManager::ParseProcessStopRunInfo@29453] SDK: Stop from server nStopIndex:[0]

2026-05-26 14:08:10.838 INFO  [18260] [CServerManager::CallbackStopStatus@22955] SDK: Asny Callback procedure stop execute info end. nProcessID:[10002]; nStatus:[0]

2026-05-26 14:08:10.964 ERROR [22236] [CServerManager::SendCommand@26569] Server: Recv msg is not OK.chRecvBuf[Err*-536870648]

2026-05-26 14:08:10.964 ERROR [22236] [CServerManager::SM_SetNoneReportModuleResult@14931] SDK: SendCommand fail. nRet = [e0000108]

2026-05-26 14:08:10.964 ERROR [22236] [CServerManager::SM_SetNoneReportModuleResult@14937] catch... nRet = [e0000108]

2026-05-26 14:08:10.965 INFO  [22236] [CClientManager::PF_GetErrorMsg@521] begin.

2026-05-26 14:08:10.965 INFO  [22236] [CClientManager::PF_GetErrorMsg@1419] end.

2026-05-26 14:08:10.985 INFO  [22236] [CClientManager::PF_GetErrorMsg@521] begin.

2026-05-26 14:08:10.985 INFO  [22236] [CClientManager::PF_GetErrorMsg@1419] end.

2026-05-26 14:08:11.019 INFO  [18260] [CServerManager::ParseLoadSolProgressInfo@28813] SDK: Cb load solution process:[100]

2026-05-26 14:08:11.020 INFO  [18260] [CServerManager::ParseLoadSolEndInfo@28662] SDK: Callback load solution end information start. nClientType:[1]; nStatus:[3758096393]

2026-05-26 14:08:11.020 INFO  [18260] [CServerManager::ParseLoadSolEndInfo@28675] SDK: Callback load solution end information end.

2026-05-26 14:08:11.024 INFO  [22236] [CServerManager::SM_SetServerReadyEvent@13138] start

2026-05-26 14:08:11.024 ERROR [22236] [CServerManager::SendCommand@26569] Server: Recv msg is not OK.chRecvBuf[Err*-536870655]

2026-05-26 14:08:11.024 ERROR [22236] [CServerManager::SM_SetServerReadyEvent@13147] SDK: SendCommand fail. nRet = [e0000101]

2026-05-26 14:08:11.024 INFO  [22236] [CClientManager::PF_GetErrorMsg@521] begin.

2026-05-26 14:08:11.024 INFO  [22236] [CClientManager::PF_GetErrorMsg@1419] end.

2026-05-26 14:08:11.535 INFO  [18260] [CServerManager::ParseProxyPubAddressInfo@29758] SDK: Reconnect proxy module pub address start.

2026-05-26 14:08:11.535 INFO  [18260] [CServerManager::InitProxySub@23999] start

2026-05-26 14:08:11.535 INFO  [18260] [CServerManager::DeInitProxySub@24078] start

2026-05-26 14:08:12.769 INFO  [18260] [CServerManager::DeInitProxySub@24093] end

2026-05-26 14:08:12.769 INFO  [18260] [CServerManager::InitProxySub@24067] end

2026-05-26 14:08:12.769 INFO  [18260] [CServerManager::ParseProxyPubAddressInfo@29788] SDK: New Proxy Pub Address:[tcp://127.0.0.1:62531]

2026-05-26 14:08:12.769 INFO  [18260] [CServerManager::ParseProxyPubAddressInfo@29834] SDK: Reconnect proxy module pub address end.

2026-05-26 14:08:12.769 INFO  [18260] [CServerManager::StartModuResSub@24943] start

2026-05-26 14:08:12.770 INFO  [18260] [CServerManager::StartModuResSub@24956] end

2026-05-26 14:08:12.770 INFO  [5216] [CServerManager::ModuResSubThreadProcess@25006] start

2026-05-26 14:08:18.293 INFO  [22236] [CServerManager::SM_GetAllProcessList@5268] start

2026-05-26 14:08:18.294 ERROR [22236] [CServerManager::SM_GetAllProcessList@5377] Server: Recv msg is not OK.

2026-05-26 14:08:18.301 ERROR [22236] [CServerManager::SM_GetAllProcessList@5390] catch... nRet = [e0000316]

2026-05-26 14:08:18.301 INFO  [22236] [CClientManager::PF_GetErrorMsg@521] begin.

2026-05-26 14:08:18.301 INFO  [22236] [CClientManager::PF_GetErrorMsg@1419] end.

2026-05-26 14:08:18.301 INFO  [22236] [CServerManager::SM_GetAllGlobalModule@17598] start.

2026-05-26 14:08:18.301 WARN  [22236] [CServerManager::SM_GetAllGlobalModule@17666] SDK: Module list is null.

2026-05-26 14:08:18.301 INFO  [22236] [CServerManager::SM_GetAllGlobalModule@17727] end.

2026-05-26 14:12:04.551 INFO  [22236] [CServerManager::SM_CheckSolution@322] start

2026-05-26 14:12:04.557 INFO  [22236] [CServerManager::SM_CheckSolution@342] end

2026-05-26 14:12:04.558 INFO  [22236] [CServerManager::SM_LoadSolution@1701] start

2026-05-26 14:12:04.558 INFO  [22236] [CServerManager::SM_CheckSolution@322] start

2026-05-26 14:12:04.561 INFO  [22236] [CServerManager::SM_CheckSolution@342] end

2026-05-26 14:12:04.561 INFO  [22236] [CServerManager::SM_LoadSolution@1785] m_bIsTool:[0]

2026-05-26 14:12:04.561 INFO  [22236] [CServerManager::SM_LoadSolution@1788] Judge start.

2026-05-26 14:12:04.561 INFO  [22236] [CServerManager::SM_GetSolutionVersion@1484] start

2026-05-26 14:12:04.561 INFO  [22236] [CServerManager::SM_GetSolutionVersion@1504] SDK: UncompressOneFile start.

2026-05-26 14:12:04.561 INFO  [22236] [CServerManager::SM_GetSolutionVersion@1511] SDK: UncompressOneFile end.

2026-05-26 14:12:04.562 INFO  [22236] [CServerManager::SM_GetSolutionVersion@1533] end

2026-05-26 14:12:04.562 INFO  [22236] [CServerManager::SM_LoadSolution@1798] SM_GetSolutionVersion:[V4.3.0]

2026-05-26 14:12:04.562 INFO  [22236] [CServerManager::SM_LoadSolution@1807] Judge end.

2026-05-26 14:12:04.562 INFO  [22236] [CServerManager::SM_LoadSolution@1896] end

2026-05-26 14:12:04.562 INFO  [18260] [CServerManager::ParseLoadSolBeginInfo@28577] SDK: Callback load solution start information start.

2026-05-26 14:12:04.562 INFO  [18260] [CServerManager::ParseLoadSolBeginInfo@28594] SDK: Callback load solution start information end. ClientType:[1] Path:[D:\xcm\Test\图像-fanks.sol]

2026-05-26 14:12:04.565 INFO  [18260] [CServerManager::ParseLoadSolProgressInfo@28813] SDK: Cb load solution process:[15]

2026-05-26 14:12:05.720 INFO  [22236] [CServerManager::SM_CheckSolution@322] start

2026-05-26 14:12:05.728 INFO  [22236] [CServerManager::SM_CheckSolution@342] end

2026-05-26 14:12:05.728 INFO  [22236] [CServerManager::SM_LoadSolution@1701] start

2026-05-26 14:12:05.728 INFO  [22236] [CServerManager::SM_CheckSolution@322] start

2026-05-26 14:12:05.734 INFO  [22236] [CServerManager::SM_CheckSolution@342] end

2026-05-26 14:12:05.734 INFO  [22236] [CServerManager::SM_LoadSolution@1785] m_bIsTool:[0]

2026-05-26 14:12:05.734 INFO  [22236] [CServerManager::SM_LoadSolution@1788] Judge start.

2026-05-26 14:12:05.734 INFO  [22236] [CServerManager::SM_GetSolutionVersion@1484] start

2026-05-26 14:12:05.734 INFO  [22236] [CServerManager::SM_GetSolutionVersion@1504] SDK: UncompressOneFile start.

2026-05-26 14:12:05.736 INFO  [22236] [CServerManager::SM_GetSolutionVersion@1511] SDK: UncompressOneFile end.

2026-05-26 14:12:05.736 INFO  [22236] [CServerManager::SM_GetSolutionVersion@1533] end

2026-05-26 14:12:05.736 INFO  [22236] [CServerManager::SM_LoadSolution@1798] SM_GetSolutionVersion:[V4.3.0]

2026-05-26 14:12:05.736 INFO  [22236] [CServerManager::SM_LoadSolution@1807] Judge end.

2026-05-26 14:12:05.737 ERROR [22236] [CServerManager::SendCommand@26569] Server: Recv msg is not OK.chRecvBuf[Err*-536870899]

2026-05-26 14:12:05.737 ERROR [22236] [CServerManager::SM_LoadSolution@1828] SDK: SendCommand local third failed. nRet = [e000000d]

2026-05-26 14:12:05.738 ERROR [22236] [CServerManager::SM_LoadSolution@1892] catch... nRet = [e000000d]

2026-05-26 14:12:05.738 INFO  [22236] [CClientManager::PF_GetErrorMsg@521] begin.

2026-05-26 14:12:05.738 INFO  [22236] [CClientManager::PF_GetErrorMsg@1419] end.

2026-05-26 14:12:07.057 INFO  [18260] [CServerManager::ParseLoadSolProgressInfo@28813] SDK: Cb load solution process:[30]

2026-05-26 14:12:07.310 INFO  [18260] [CServerManager::ParseLoadSolProgressInfo@28813] SDK: Cb load solution process:[50]

2026-05-26 14:12:07.327 INFO  [18260] [CServerManager::ParseModuleReportData@29264] SDK: Callback algorithm init register info start.

2026-05-26 14:12:07.327 INFO  [18260] [CServerManager::ParseModuleReportData@29282] SDK: Callback algorithm init register info end. ModuleID:[6], nType:[3221225472]

2026-05-26 14:12:16.556 INFO  [18260] [CServerManager::ParseStopExecuteStart@28984] SDK: Callback stop execution start information start.

2026-05-26 14:12:16.556 INFO  [18260] [CServerManager::ParseStopExecuteStart@29001] SDK: Callback stop execution start information end.

2026-05-26 14:12:16.556 INFO  [18260] [CServerManager::StopModuResSub@24968] start

2026-05-26 14:12:16.585 INFO  [5216] [CServerManager::ModuResSubThreadProcessByHKRMQ@25113] end

2026-05-26 14:12:16.586 INFO  [18260] [CServerManager::StopModuResSub@24978] end

2026-05-26 14:12:16.586 INFO  [18260] [CServerManager::ParseProxyCrashInfo@29892] SDK: Callback proxy crash info end. nSolStatu:[0]

2026-05-26 14:12:16.586 INFO  [18260] [CServerManager::ParseProcessStopRunInfo@29453] SDK: Stop from server nStopIndex:[0]

2026-05-26 14:12:16.586 INFO  [18260] [CServerManager::CallbackStopStatus@22955] SDK: Asny Callback procedure stop execute info end. nProcessID:[10000]; nStatus:[0]

2026-05-26 14:12:16.586 INFO  [18260] [CServerManager::ParseProcessStopRunInfo@29453] SDK: Stop from server nStopIndex:[0]

2026-05-26 14:12:16.586 INFO  [18260] [CServerManager::CallbackStopStatus@22955] SDK: Asny Callback procedure stop execute info end. nProcessID:[10000]; nStatus:[0]

2026-05-26 14:12:16.586 INFO  [18260] [CServerManager::ParseProcessStopRunInfo@29453] SDK: Stop from server nStopIndex:[0]

2026-05-26 14:12:16.586 INFO  [18260] [CServerManager::CallbackStopStatus@22955] SDK: Asny Callback procedure stop execute info end. nProcessID:[10001]; nStatus:[0]

2026-05-26 14:12:16.586 INFO  [18260] [CServerManager::ParseProcessStopRunInfo@29453] SDK: Stop from server nStopIndex:[0]

2026-05-26 14:12:16.586 INFO  [18260] [CServerManager::CallbackStopStatus@22955] SDK: Asny Callback procedure stop execute info end. nProcessID:[10001]; nStatus:[0]

2026-05-26 14:12:16.586 INFO  [18260] [CServerManager::ParseProcessStopRunInfo@29453] SDK: Stop from server nStopIndex:[0]

2026-05-26 14:12:16.586 INFO  [18260] [CServerManager::CallbackStopStatus@22955] SDK: Asny Callback procedure stop execute info end. nProcessID:[10002]; nStatus:[0]

2026-05-26 14:12:16.586 INFO  [18260] [CServerManager::ParseProcessStopRunInfo@29453] SDK: Stop from server nStopIndex:[0]

2026-05-26 14:12:16.586 INFO  [18260] [CServerManager::CallbackStopStatus@22955] SDK: Asny Callback procedure stop execute info end. nProcessID:[10002]; nStatus:[0]

2026-05-26 14:12:17.151 INFO  [18260] [CServerManager::ParseProxyPubAddressInfo@29758] SDK: Reconnect proxy module pub address start.

2026-05-26 14:12:17.151 INFO  [18260] [CServerManager::InitProxySub@23999] start

2026-05-26 14:12:17.151 INFO  [18260] [CServerManager::DeInitProxySub@24078] start

2026-05-26 14:12:18.456 INFO  [18260] [CServerManager::DeInitProxySub@24093] end

2026-05-26 14:12:18.456 INFO  [18260] [CServerManager::InitProxySub@24067] end

2026-05-26 14:12:18.456 INFO  [18260] [CServerManager::ParseProxyPubAddressInfo@29788] SDK: New Proxy Pub Address:[tcp://127.0.0.1:65447]

2026-05-26 14:12:18.457 INFO  [18260] [CServerManager::ParseProxyPubAddressInfo@29834] SDK: Reconnect proxy module pub address end.

2026-05-26 14:12:18.457 INFO  [18260] [CServerManager::StartModuResSub@24943] start

2026-05-26 14:12:18.457 INFO  [18260] [CServerManager::StartModuResSub@24956] end

2026-05-26 14:12:18.457 INFO  [21772] [CServerManager::ModuResSubThreadProcess@25006] start

2026-05-26 14:12:19.563 INFO  [18260] [CServerManager::ParseLoadSolProgressInfo@28813] SDK: Cb load solution process:[100]

2026-05-26 14:12:19.564 INFO  [18260] [CServerManager::ParseLoadSolEndInfo@28662] SDK: Callback load solution end information start. nClientType:[1]; nStatus:[3758096651]

2026-05-26 14:12:19.564 INFO  [18260] [CClientManager::PF_GetSolutionPath@9193] begin.

2026-05-26 14:12:19.564 INFO  [18260] [CServerManager::SM_GetSolutionPath@21223] start.

2026-05-26 14:12:19.564 INFO  [18260] [CServerManager::SM_GetSolutionPath@21329] end.

2026-05-26 14:12:19.564 INFO  [18260] [CClientManager::PF_GetSolutionPath@9241] end.

2026-05-26 14:12:19.564 INFO  [18260] [CClientManager::PF_GetErrorMsg@521] begin.

2026-05-26 14:12:19.564 INFO  [18260] [CClientManager::PF_GetErrorMsg@1419] end.

2026-05-26 14:12:19.564 INFO  [18260] [CServerManager::ParseLoadSolEndInfo@28675] SDK: Callback load solution end information end.

2026-05-26 14:12:38.644 INFO  [22236] [CServerManager::SM_SetServerReadyEvent@13138] start

2026-05-26 14:12:38.653 INFO  [22236] [CServerManager::SM_SetServerReadyEvent@13151] end

2026-05-26 14:12:39.438 INFO  [22236] [CServerManager::SM_GetAllProcessList@5268] start

2026-05-26 14:12:39.438 ERROR [22236] [CServerManager::SM_GetAllProcessList@5377] Server: Recv msg is not OK.

2026-05-26 14:12:39.438 ERROR [22236] [CServerManager::SM_GetAllProcessList@5390] catch... nRet = [e0000316]

2026-05-26 14:12:39.438 INFO  [22236] [CClientManager::PF_GetErrorMsg@521] begin.

2026-05-26 14:12:39.438 INFO  [22236] [CClientManager::PF_GetErrorMsg@1419] end.

2026-05-26 14:12:51.575 INFO  [22236] [CServerManager::SM_CheckSolution@322] start

2026-05-26 14:12:51.578 INFO  [22236] [CServerManager::SM_CheckSolution@342] end

2026-05-26 14:12:51.578 INFO  [22236] [CServerManager::SM_LoadSolution@1701] start

2026-05-26 14:12:51.578 INFO  [22236] [CServerManager::SM_CheckSolution@322] start

2026-05-26 14:12:51.582 INFO  [22236] [CServerManager::SM_CheckSolution@342] end

2026-05-26 14:12:51.582 INFO  [22236] [CServerManager::SM_LoadSolution@1785] m_bIsTool:[0]

2026-05-26 14:12:51.582 INFO  [22236] [CServerManager::SM_LoadSolution@1788] Judge start.

2026-05-26 14:12:51.582 INFO  [22236] [CServerManager::SM_GetSolutionVersion@1484] start

2026-05-26 14:12:51.582 INFO  [22236] [CServerManager::SM_GetSolutionVersion@1504] SDK: UncompressOneFile start.

2026-05-26 14:12:51.583 INFO  [22236] [CServerManager::SM_GetSolutionVersion@1511] SDK: UncompressOneFile end.

2026-05-26 14:12:51.585 INFO  [22236] [CServerManager::SM_GetSolutionVersion@1533] end

2026-05-26 14:12:51.585 INFO  [22236] [CServerManager::SM_LoadSolution@1798] SM_GetSolutionVersion:[V4.3.0]

2026-05-26 14:12:51.585 INFO  [22236] [CServerManager::SM_LoadSolution@1807] Judge end.

2026-05-26 14:12:51.585 INFO  [22236] [CServerManager::SM_LoadSolution@1896] end

2026-05-26 14:12:51.585 INFO  [18260] [CServerManager::ParseLoadSolBeginInfo@28577] SDK: Callback load solution start information start.

2026-05-26 14:12:51.585 INFO  [18260] [CServerManager::ParseLoadSolBeginInfo@28594] SDK: Callback load solution start information end. ClientType:[1] Path:[D:\xcm\Test\图像-fanks.sol]

2026-05-26 14:12:51.589 INFO  [18260] [CServerManager::ParseLoadSolProgressInfo@28813] SDK: Cb load solution process:[15]

2026-05-26 14:12:53.695 INFO  [18260] [CServerManager::ParseLoadSolProgressInfo@28813] SDK: Cb load solution process:[30]

2026-05-26 14:12:53.946 INFO  [18260] [CServerManager::ParseLoadSolProgressInfo@28813] SDK: Cb load solution process:[50]

2026-05-26 14:12:53.961 INFO  [18260] [CServerManager::ParseModuleReportData@29264] SDK: Callback algorithm init register info start.

2026-05-26 14:12:53.961 INFO  [18260] [CServerManager::ParseModuleReportData@29282] SDK: Callback algorithm init register info end. ModuleID:[6], nType:[3221225472]

2026-05-26 14:13:00.448 INFO  [18260] [CServerManager::ParseStopExecuteStart@28984] SDK: Callback stop execution start information start.

2026-05-26 14:13:00.448 INFO  [18260] [CServerManager::ParseStopExecuteStart@29001] SDK: Callback stop execution start information end.

2026-05-26 14:13:00.449 INFO  [18260] [CServerManager::StopModuResSub@24968] start

2026-05-26 14:13:00.508 INFO  [21772] [CServerManager::ModuResSubThreadProcessByHKRMQ@25113] end

2026-05-26 14:13:00.510 INFO  [18260] [CServerManager::StopModuResSub@24978] end

2026-05-26 14:13:00.510 INFO  [18260] [CServerManager::SM_GetAllProcessList@5268] start

2026-05-26 14:13:00.511 ERROR [18260] [CServerManager::SM_GetAllProcessList@5377] Server: Recv msg is not OK.

2026-05-26 14:13:00.511 ERROR [18260] [CServerManager::SM_GetAllProcessList@5390] catch... nRet = [e000000d]

2026-05-26 14:13:00.511 INFO  [18260] [CClientManager::PF_GetErrorMsg@521] begin.

2026-05-26 14:13:00.511 INFO  [18260] [CClientManager::PF_GetErrorMsg@1419] end.

2026-05-26 14:13:00.511 INFO  [18260] [CServerManager::ParseProxyCrashInfo@29892] SDK: Callback proxy crash info end. nSolStatu:[0]

2026-05-26 14:13:00.511 INFO  [18260] [CServerManager::ParseProcessStopRunInfo@29453] SDK: Stop from server nStopIndex:[0]

2026-05-26 14:13:00.511 INFO  [18260] [CServerManager::CallbackStopStatus@22955] SDK: Asny Callback procedure stop execute info end. nProcessID:[10000]; nStatus:[0]

2026-05-26 14:13:00.511 INFO  [18260] [CServerManager::ParseProcessStopRunInfo@29453] SDK: Stop from server nStopIndex:[0]

2026-05-26 14:13:00.511 INFO  [18260] [CServerManager::CallbackStopStatus@22955] SDK: Asny Callback procedure stop execute info end. nProcessID:[10001]; nStatus:[0]

2026-05-26 14:13:00.511 INFO  [18260] [CServerManager::ParseProcessStopRunInfo@29453] SDK: Stop from server nStopIndex:[0]

2026-05-26 14:13:00.511 INFO  [18260] [CServerManager::CallbackStopStatus@22955] SDK: Asny Callback procedure stop execute info end. nProcessID:[10002]; nStatus:[0]

2026-05-26 14:13:00.511 INFO  [18260] [CServerManager::ParseProcessStopRunInfo@29453] SDK: Stop from server nStopIndex:[0]

2026-05-26 14:13:00.511 INFO  [18260] [CServerManager::CallbackStopStatus@22955] SDK: Asny Callback procedure stop execute info end. nProcessID:[10000]; nStatus:[0]

2026-05-26 14:13:00.511 INFO  [18260] [CServerManager::ParseProcessStopRunInfo@29453] SDK: Stop from server nStopIndex:[0]

2026-05-26 14:13:00.511 INFO  [18260] [CServerManager::CallbackStopStatus@22955] SDK: Asny Callback procedure stop execute info end. nProcessID:[10001]; nStatus:[0]

2026-05-26 14:13:00.511 INFO  [18260] [CServerManager::ParseProcessStopRunInfo@29453] SDK: Stop from server nStopIndex:[0]

2026-05-26 14:13:00.511 INFO  [18260] [CServerManager::CallbackStopStatus@22955] SDK: Asny Callback procedure stop execute info end. nProcessID:[10002]; nStatus:[0]

2026-05-26 14:13:03.189 INFO  [18260] [CServerManager::ParseProxyPubAddressInfo@29758] SDK: Reconnect proxy module pub address start.

2026-05-26 14:13:03.189 INFO  [18260] [CServerManager::InitProxySub@23999] start

2026-05-26 14:13:03.189 INFO  [18260] [CServerManager::DeInitProxySub@24078] start

2026-05-26 14:13:04.436 INFO  [18260] [CServerManager::DeInitProxySub@24093] end

2026-05-26 14:13:04.436 INFO  [18260] [CServerManager::InitProxySub@24067] end

2026-05-26 14:13:04.436 INFO  [18260] [CServerManager::ParseProxyPubAddressInfo@29788] SDK: New Proxy Pub Address:[tcp://127.0.0.1:49783]

2026-05-26 14:13:04.437 INFO  [18260] [CServerManager::ParseProxyPubAddressInfo@29834] SDK: Reconnect proxy module pub address end.

2026-05-26 14:13:04.437 INFO  [18260] [CServerManager::StartModuResSub@24943] start

2026-05-26 14:13:04.437 INFO  [18260] [CServerManager::StartModuResSub@24956] end

2026-05-26 14:13:04.437 INFO  [18260] [CServerManager::ParseLoadSolProgressInfo@28813] SDK: Cb load solution process:[100]

2026-05-26 14:13:04.437 INFO  [18260] [CServerManager::ParseLoadSolEndInfo@28662] SDK: Callback load solution end information start. nClientType:[1]; nStatus:[3758096651]

2026-05-26 14:13:04.437 INFO  [18260] [CClientManager::PF_GetSolutionPath@9193] begin.

2026-05-26 14:13:04.437 INFO  [18260] [CServerManager::SM_GetSolutionPath@21223] start.

2026-05-26 14:13:04.437 INFO  [18260] [CServerManager::SM_GetSolutionPath@21329] end.

2026-05-26 14:13:04.437 INFO  [18260] [CClientManager::PF_GetSolutionPath@9241] end.

2026-05-26 14:13:04.437 INFO  [18260] [CClientManager::PF_GetErrorMsg@521] begin.

2026-05-26 14:13:04.437 INFO  [18260] [CClientManager::PF_GetErrorMsg@1419] end.

2026-05-26 14:13:04.437 INFO  [22572] [CServerManager::ModuResSubThreadProcess@25006] start

2026-05-26 14:13:04.437 INFO  [18260] [CServerManager::ParseLoadSolEndInfo@28675] SDK: Callback load solution end information end.

2026-05-26 14:13:04.438 INFO  [22236] [CServerManager::SM_SetServerReadyEvent@13138] start

2026-05-26 14:13:04.438 INFO  [22236] [CServerManager::SM_SetServerReadyEvent@13151] end

2026-05-26 14:13:07.309 INFO  [22236] [CServerManager::SM_GetAllProcessList@5268] start

2026-05-26 14:13:07.389 ERROR [22236] [CServerManager::SM_GetAllProcessList@5377] Server: Recv msg is not OK.

2026-05-26 14:13:07.389 ERROR [22236] [CServerManager::SM_GetAllProcessList@5390] catch... nRet = [e0000316]

2026-05-26 14:13:07.389 INFO  [22236] [CClientManager::PF_GetErrorMsg@521] begin.

2026-05-26 14:13:07.389 INFO  [22236] [CClientManager::PF_GetErrorMsg@1419] end.

2026-05-26 14:21:09.463 INFO  [22236] [CServerManager::SM_CheckSolution@322] start

2026-05-26 14:21:09.470 INFO  [22236] [CServerManager::SM_CheckSolution@342] end

2026-05-26 14:21:09.470 INFO  [22236] [CServerManager::SM_LoadSolution@1701] start

2026-05-26 14:21:09.470 INFO  [22236] [CServerManager::SM_CheckSolution@322] start

2026-05-26 14:21:09.471 INFO  [22236] [CServerManager::SM_CheckSolution@342] end

2026-05-26 14:21:09.471 INFO  [22236] [CServerManager::SM_LoadSolution@1785] m_bIsTool:[0]

2026-05-26 14:21:09.471 INFO  [22236] [CServerManager::SM_LoadSolution@1788] Judge start.

2026-05-26 14:21:09.471 INFO  [22236] [CServerManager::SM_GetSolutionVersion@1484] start

2026-05-26 14:21:09.471 INFO  [22236] [CServerManager::SM_GetSolutionVersion@1504] SDK: UncompressOneFile start.

2026-05-26 14:21:09.471 INFO  [22236] [CServerManager::SM_GetSolutionVersion@1511] SDK: UncompressOneFile end.

2026-05-26 14:21:09.472 INFO  [22236] [CServerManager::SM_GetSolutionVersion@1533] end

2026-05-26 14:21:09.472 INFO  [22236] [CServerManager::SM_LoadSolution@1798] SM_GetSolutionVersion:[V4.2.1]

2026-05-26 14:21:09.472 INFO  [22236] [CServerManager::SM_LoadSolution@1807] Judge end.

2026-05-26 14:21:09.472 INFO  [22236] [CServerManager::SM_LoadSolution@1896] end

2026-05-26 14:21:09.472 INFO  [18260] [CServerManager::ParseLoadSolBeginInfo@28577] SDK: Callback load solution start information start.

2026-05-26 14:21:09.472 INFO  [18260] [CServerManager::ParseLoadSolBeginInfo@28594] SDK: Callback load solution start information end. ClientType:[1] Path:[D:\xcm\Test\RefDoc\Samples\ch\软件功能展示\OCR\普通OCR\OCR.sol]

2026-05-26 14:21:09.474 INFO  [18260] [CServerManager::ParseLoadSolProgressInfo@28813] SDK: Cb load solution process:[15]

2026-05-26 14:21:09.486 INFO  [18260] [CServerManager::ParseLoadSolProgressInfo@28813] SDK: Cb load solution process:[30]

2026-05-26 14:21:09.576 INFO  [18260] [CServerManager::ParseLoadSolProgressInfo@28813] SDK: Cb load solution process:[50]

2026-05-26 14:21:09.640 INFO  [18260] [CServerManager::ParseLoadSolProgressInfo@28813] SDK: Cb load solution process:[75]

2026-05-26 14:21:09.640 INFO  [18260] [CServerManager::ParseGlobalProcessObjectInfo@33028] SDK: Cb global and process object information start.

2026-05-26 14:21:09.640 INFO  [18260] [CServerManager::ParseGlobalProcessObjectInfo@33042] SDK: Cb global and process object information end.

2026-05-26 14:21:09.640 INFO  [18260] [CServerManager::ParseLoadSolProgressInfo@28813] SDK: Cb load solution process:[85]

2026-05-26 14:21:09.642 INFO  [18260] [CServerManager::ParseLoadSolProgressInfo@28813] SDK: Cb load solution process:[90]

2026-05-26 14:21:09.647 INFO  [18260] [CServerManager::ParseLoadSolProgressInfo@28813] SDK: Cb load solution process:[100]

2026-05-26 14:21:09.647 INFO  [18260] [CServerManager::ParseLoadSolEndInfo@28662] SDK: Callback load solution end information start. nClientType:[1]; nStatus:[0]

2026-05-26 14:21:09.647 INFO  [18260] [CClientManager::PF_GetSolutionPath@9193] begin.

2026-05-26 14:21:09.647 INFO  [18260] [CServerManager::SM_GetSolutionPath@21223] start.

2026-05-26 14:21:09.647 INFO  [18260] [CServerManager::SM_GetSolutionPath@21329] end.

2026-05-26 14:21:09.647 INFO  [18260] [CClientManager::PF_GetSolutionPath@9241] end.

2026-05-26 14:21:09.648 INFO  [18260] [CServerManager::ParseLoadSolEndInfo@28675] SDK: Callback load solution end information end.

2026-05-26 14:21:09.648 INFO  [18260] [CServerManager::ParseExecuteAfterLoadInfo@30403] SDK: Callback execute state after load info start.

2026-05-26 14:21:09.648 INFO  [18260] [CServerManager::ParseExecuteAfterLoadInfo@30420] SDK: Callback execute state after load info end. State:[0]

2026-05-26 14:21:09.649 INFO  [22236] [CServerManager::SM_SetServerReadyEvent@13138] start

2026-05-26 14:21:09.649 INFO  [22236] [CServerManager::SM_SetServerReadyEvent@13151] end

2026-05-26 14:21:11.429 INFO  [22236] [CServerManager::SM_GetAllProcessList@5268] start

2026-05-26 14:21:11.429 INFO  [22236] [CServerManager::SM_GetAllProcessList@5394] end

2026-05-26 14:21:11.430 INFO  [22236] [CServerManager::SM_GetAllProcessList@5268] start

2026-05-26 14:21:11.431 INFO  [22236] [CServerManager::SM_GetAllProcessList@5394] end

2026-05-26 14:21:11.433 INFO  [22236] [CClientManager::CM_GetModuInputIOInfo@8473] begin.

2026-05-26 14:21:11.433 INFO  [22236] [CClientManager::CM_GetModuInputIOInfo@8515] new end

2026-05-26 14:21:11.433 INFO  [22236] [CClientManager::CM_GetModuInputIOInfo@8580] SM_DynamicGetBinaryData start.

2026-05-26 14:21:11.433 INFO  [22236] [CServerManager::SM_DynamicGetBinaryData@4583] start

2026-05-26 14:21:11.443 INFO  [22236] [CServerManager::SM_DynamicGetBinaryData@4642] SDK: SM_GetBinaryData nRecvBufLen: [170]

2026-05-26 14:21:11.443 INFO  [22236] [CServerManager::SM_DynamicGetBinaryData@4762] end

2026-05-26 14:21:11.443 INFO  [22236] [CClientManager::CM_GetModuInputIOInfo@8598] SM_DynamicGetBinaryData BinaryLength = [170]

2026-05-26 14:21:11.443 INFO  [22236] [CClientManager::GetIoNum@8369] Start

2026-05-26 14:21:11.443 INFO  [22236] [CClientManager::CM_GetModuInputIOInfo@8641] GetIoNum:[0]

2026-05-26 14:21:11.443 INFO  [22236] [CClientManager::CM_GetModuInputIOInfo@8687] end.

2026-05-26 14:21:11.443 INFO  [22236] [CClientManager::CM_GetModuOutputIOInfo@8693] begin.

2026-05-26 14:21:11.443 INFO  [22236] [CClientManager::CM_GetModuOutputIOInfo@8801] SM_DynamicGetBinaryData start.

2026-05-26 14:21:11.443 INFO  [22236] [CServerManager::SM_DynamicGetBinaryData@4583] start

2026-05-26 14:21:11.444 INFO  [22236] [CServerManager::SM_DynamicGetBinaryData@4642] SDK: SM_GetBinaryData nRecvBufLen: [171]

2026-05-26 14:21:11.444 INFO  [22236] [CServerManager::SM_DynamicGetBinaryData@4762] end

2026-05-26 14:21:11.444 INFO  [22236] [CClientManager::CM_GetModuOutputIOInfo@8820] SM_DynamicGetBinaryData BinaryLength = [171]

2026-05-26 14:21:11.444 INFO  [22236] [CClientManager::GetIoNum@8369] Start

2026-05-26 14:21:11.444 INFO  [22236] [CClientManager::CM_GetModuOutputIOInfo@8862] GetIoNum:[0]

2026-05-26 14:21:11.444 INFO  [22236] [CClientManager::CM_GetModuOutputIOInfo@8907] end.

2026-05-26 14:21:11.444 INFO  [22236] [CServerManager::SM_GetAllGlobalModule@17598] start.

2026-05-26 14:21:11.444 WARN  [22236] [CServerManager::SM_GetAllGlobalModule@17666] SDK: Module list is null.

2026-05-26 14:21:11.444 INFO  [22236] [CServerManager::SM_GetAllGlobalModule@17727] end.

2026-05-26 14:21:11.445 INFO  [22236] [CServerManager::SM_FuzzyQueryUIParamValue@17802] start.

2026-05-26 14:21:11.445 INFO  [22236] [CServerManager::SM_FuzzyQueryUIParamValue@17869] SDK: FuzzyQueryUIParamValue name:[SourceIndex], nRecvBufLen:[15]

2026-05-26 14:21:11.445 INFO  [22236] [CServerManager::SM_FuzzyQueryUIParamValue@17952] end.

2026-05-26 14:21:11.448 INFO  [22236] [CServerManager::SM_FuzzyQueryUIParamValue@17802] start.

2026-05-26 14:21:11.448 INFO  [22236] [CServerManager::SM_FuzzyQueryUIParamValue@17869] SDK: FuzzyQueryUIParamValue name:[TargetIndex], nRecvBufLen:[15]

2026-05-26 14:21:11.448 INFO  [22236] [CServerManager::SM_FuzzyQueryUIParamValue@17952] end.

2026-05-26 14:21:11.448 INFO  [22236] [CServerManager::SM_FuzzyQueryUIParamValue@17802] start.

2026-05-26 14:21:11.448 INFO  [22236] [CServerManager::SM_FuzzyQueryUIParamValue@17869] SDK: FuzzyQueryUIParamValue name:[Position], nRecvBufLen:[14]

2026-05-26 14:21:11.448 ERROR [22236] [CServerManager::SM_FuzzyQueryUIParamValue@17904] SDK: Parse server protocol fail. msg:[Err*-536870911]

2026-05-26 14:21:11.448 ERROR [22236] [CServerManager::SM_FuzzyQueryUIParamValue@17942] catch... nRet = [e0000001]

2026-05-26 14:21:11.452 INFO  [22236] [CServerManager::SM_GetUIParamValueByObject@14146] start.

2026-05-26 14:21:11.452 INFO  [22236] [CServerManager::SM_GetUIParamValueByObject@14214] SDK: DataType size:[1]

2026-05-26 14:21:11.452 INFO  [22236] [CServerManager::SM_GetUIParamValueByObject@14291] end.

2026-05-26 14:21:11.452 INFO  [22236] [CServerManager::SM_GetProcedureShieldGlobalCtrl@5922] start

2026-05-26 14:21:11.452 INFO  [22236] [CServerManager::SM_GetProcedureShieldGlobalCtrl@5999] end

2026-05-26 14:21:11.452 INFO  [22236] [CServerManager::SM_SetReportModuleResult@14762] start.

2026-05-26 14:21:11.453 INFO  [22236] [CServerManager::SM_SetReportModuleResult@14839] end.

2026-05-26 14:21:15.106 INFO  [22236] [CServerManager::SM_ExecuteOnce_V30@4806] start. ProcessID = [10000]

2026-05-26 14:21:15.107 INFO  [22236] [CServerManager::SM_ExecuteOnce_V30@4847] end

2026-05-26 14:21:15.109 INFO  [22572] [CServerManager::ParseOutputResForSP@31268] SDK: Callback work state info. ProcessID:[10000] , WorkStatus:[1], BatchID:[1]

2026-05-26 14:21:15.136 INFO  [18260] [CServerManager::CallbackStopStatus@22955] SDK: Asny Callback procedure stop execute info end. nProcessID:[10000]; nStatus:[0]

2026-05-26 14:21:15.143 INFO  [22572] [CServerManager::ParseOutputResForSP@31456] SDK: Callback work state info. ProcessID:[10000] , WorkStatus:[0], BatchID:[1], ProcessTime:[24.119900]

2026-05-26 14:21:15.152 INFO  [22572] [CServerManager::ParseOutputResForSP@31494] SDK: Callback procedure stop execute info end. nProcessID:[10000]; nStatus:[0]; m_nStopIndex:[1]

2026-05-26 14:21:16.847 INFO  [22236] [CServerManager::SM_ExecuteOnce_V30@4806] start. ProcessID = [10000]

2026-05-26 14:21:16.847 INFO  [22236] [CServerManager::SM_ExecuteOnce_V30@4847] end

2026-05-26 14:21:16.848 INFO  [22572] [CServerManager::ParseOutputResForSP@31268] SDK: Callback work state info. ProcessID:[10000] , WorkStatus:[1], BatchID:[2]

2026-05-26 14:21:16.856 INFO  [22572] [CServerManager::ParseOutputResForSP@31456] SDK: Callback work state info. ProcessID:[10000] , WorkStatus:[0], BatchID:[2], ProcessTime:[5.425700]

2026-05-26 14:21:16.862 INFO  [22572] [CServerManager::ParseOutputResForSP@31494] SDK: Callback procedure stop execute info end. nProcessID:[10000]; nStatus:[0]; m_nStopIndex:[2]

2026-05-26 14:21:17.727 INFO  [22236] [CServerManager::SM_ExecuteOnce_V30@4806] start. ProcessID = [10000]

2026-05-26 14:21:17.727 INFO  [22236] [CServerManager::SM_ExecuteOnce_V30@4847] end

2026-05-26 14:21:17.728 INFO  [22572] [CServerManager::ParseOutputResForSP@31268] SDK: Callback work state info. ProcessID:[10000] , WorkStatus:[1], BatchID:[3]

2026-05-26 14:21:17.742 INFO  [22572] [CServerManager::ParseOutputResForSP@31456] SDK: Callback work state info. ProcessID:[10000] , WorkStatus:[0], BatchID:[3], ProcessTime:[12.710200]

2026-05-26 14:21:17.750 INFO  [22572] [CServerManager::ParseOutputResForSP@31494] SDK: Callback procedure stop execute info end. nProcessID:[10000]; nStatus:[0]; m_nStopIndex:[3]

2026-05-26 14:21:18.751 INFO  [22236] [CServerManager::SM_ExecuteOnce_V30@4806] start. ProcessID = [10000]

2026-05-26 14:21:18.752 INFO  [22236] [CServerManager::SM_ExecuteOnce_V30@4847] end

2026-05-26 14:21:18.752 INFO  [22572] [CServerManager::ParseOutputResForSP@31268] SDK: Callback work state info. ProcessID:[10000] , WorkStatus:[1], BatchID:[4]

2026-05-26 14:21:18.759 INFO  [22572] [CServerManager::ParseOutputResForSP@31456] SDK: Callback work state info. ProcessID:[10000] , WorkStatus:[0], BatchID:[4], ProcessTime:[5.112500]

2026-05-26 14:21:18.765 INFO  [22572] [CServerManager::ParseOutputResForSP@31494] SDK: Callback procedure stop execute info end. nProcessID:[10000]; nStatus:[0]; m_nStopIndex:[4]

2026-05-26 14:21:19.056 INFO  [22236] [CServerManager::SM_ExecuteOnce_V30@4806] start. ProcessID = [10000]

2026-05-26 14:21:19.056 INFO  [22236] [CServerManager::SM_ExecuteOnce_V30@4847] end

2026-05-26 14:21:19.056 INFO  [22572] [CServerManager::ParseOutputResForSP@31268] SDK: Callback work state info. ProcessID:[10000] , WorkStatus:[1], BatchID:[5]

2026-05-26 14:21:19.062 INFO  [22572] [CServerManager::ParseOutputResForSP@31456] SDK: Callback work state info. ProcessID:[10000] , WorkStatus:[0], BatchID:[5], ProcessTime:[4.775800]

2026-05-26 14:21:19.070 INFO  [22572] [CServerManager::ParseOutputResForSP@31494] SDK: Callback procedure stop execute info end. nProcessID:[10000]; nStatus:[0]; m_nStopIndex:[5]

2026-05-26 14:21:19.903 INFO  [22236] [CServerManager::SM_ExecuteOnce_V30@4806] start. ProcessID = [10000]

2026-05-26 14:21:19.904 INFO  [22236] [CServerManager::SM_ExecuteOnce_V30@4847] end

2026-05-26 14:21:19.904 INFO  [22572] [CServerManager::ParseOutputResForSP@31268] SDK: Callback work state info. ProcessID:[10000] , WorkStatus:[1], BatchID:[6]

2026-05-26 14:21:19.911 INFO  [22572] [CServerManager::ParseOutputResForSP@31456] SDK: Callback work state info. ProcessID:[10000] , WorkStatus:[0], BatchID:[6], ProcessTime:[5.079000]

2026-05-26 14:21:19.918 INFO  [22572] [CServerManager::ParseOutputResForSP@31494] SDK: Callback procedure stop execute info end. nProcessID:[10000]; nStatus:[0]; m_nStopIndex:[6]

2026-05-26 14:21:20.623 INFO  [22236] [CServerManager::SM_ExecuteOnce_V30@4806] start. ProcessID = [10000]

2026-05-26 14:21:20.624 INFO  [22236] [CServerManager::SM_ExecuteOnce_V30@4847] end

2026-05-26 14:21:20.624 INFO  [22572] [CServerManager::ParseOutputResForSP@31268] SDK: Callback work state info. ProcessID:[10000] , WorkStatus:[1], BatchID:[7]

2026-05-26 14:21:20.630 INFO  [22572] [CServerManager::ParseOutputResForSP@31456] SDK: Callback work state info. ProcessID:[10000] , WorkStatus:[0], BatchID:[7], ProcessTime:[5.338800]

2026-05-26 14:21:20.641 INFO  [22572] [CServerManager::ParseOutputResForSP@31494] SDK: Callback procedure stop execute info end. nProcessID:[10000]; nStatus:[0]; m_nStopIndex:[7]

2026-05-26 14:21:20.895 INFO  [22236] [CServerManager::SM_ExecuteOnce_V30@4806] start. ProcessID = [10000]

2026-05-26 14:21:20.896 INFO  [22236] [CServerManager::SM_ExecuteOnce_V30@4847] end

2026-05-26 14:21:20.897 INFO  [22572] [CServerManager::ParseOutputResForSP@31268] SDK: Callback work state info. ProcessID:[10000] , WorkStatus:[1], BatchID:[8]

2026-05-26 14:21:20.904 INFO  [22572] [CServerManager::ParseOutputResForSP@31456] SDK: Callback work state info. ProcessID:[10000] , WorkStatus:[0], BatchID:[8], ProcessTime:[5.394800]

2026-05-26 14:21:20.910 INFO  [22572] [CServerManager::ParseOutputResForSP@31494] SDK: Callback procedure stop execute info end. nProcessID:[10000]; nStatus:[0]; m_nStopIndex:[8]

2026-05-26 14:21:21.151 INFO  [22236] [CServerManager::SM_ExecuteOnce_V30@4806] start. ProcessID = [10000]

2026-05-26 14:21:21.151 INFO  [22236] [CServerManager::SM_ExecuteOnce_V30@4847] end

2026-05-26 14:21:21.151 INFO  [22572] [CServerManager::ParseOutputResForSP@31268] SDK: Callback work state info. ProcessID:[10000] , WorkStatus:[1], BatchID:[9]

2026-05-26 14:21:21.159 INFO  [22572] [CServerManager::ParseOutputResForSP@31456] SDK: Callback work state info. ProcessID:[10000] , WorkStatus:[0], BatchID:[9], ProcessTime:[5.041500]

2026-05-26 14:21:21.165 INFO  [22572] [CServerManager::ParseOutputResForSP@31494] SDK: Callback procedure stop execute info end. nProcessID:[10000]; nStatus:[0]; m_nStopIndex:[9]

2026-05-26 14:21:21.416 INFO  [22236] [CServerManager::SM_ExecuteOnce_V30@4806] start. ProcessID = [10000]

2026-05-26 14:21:21.416 INFO  [22236] [CServerManager::SM_ExecuteOnce_V30@4847] end

2026-05-26 14:21:21.417 INFO  [22572] [CServerManager::ParseOutputResForSP@31268] SDK: Callback work state info. ProcessID:[10000] , WorkStatus:[1], BatchID:[10]

2026-05-26 14:21:21.424 INFO  [22572] [CServerManager::ParseOutputResForSP@31456] SDK: Callback work state info. ProcessID:[10000] , WorkStatus:[0], BatchID:[10], ProcessTime:[6.085700]

2026-05-26 14:21:21.432 INFO  [22572] [CServerManager::ParseOutputResForSP@31494] SDK: Callback procedure stop execute info end. nProcessID:[10000]; nStatus:[0]; m_nStopIndex:[10]

2026-05-26 14:21:21.671 INFO  [22236] [CServerManager::SM_ExecuteOnce_V30@4806] start. ProcessID = [10000]

2026-05-26 14:21:21.672 INFO  [22236] [CServerManager::SM_ExecuteOnce_V30@4847] end

2026-05-26 14:21:21.672 INFO  [22572] [CServerManager::ParseOutputResForSP@31268] SDK: Callback work state info. ProcessID:[10000] , WorkStatus:[1], BatchID:[11]

2026-05-26 14:21:21.680 INFO  [22572] [CServerManager::ParseOutputResForSP@31456] SDK: Callback work state info. ProcessID:[10000] , WorkStatus:[0], BatchID:[11], ProcessTime:[5.261800]

2026-05-26 14:21:21.687 INFO  [22572] [CServerManager::ParseOutputResForSP@31494] SDK: Callback procedure stop execute info end. nProcessID:[10000]; nStatus:[0]; m_nStopIndex:[11]

2026-05-26 14:21:21.919 INFO  [22236] [CServerManager::SM_ExecuteOnce_V30@4806] start. ProcessID = [10000]

2026-05-26 14:21:21.920 INFO  [22236] [CServerManager::SM_ExecuteOnce_V30@4847] end

2026-05-26 14:21:21.920 INFO  [22572] [CServerManager::ParseOutputResForSP@31268] SDK: Callback work state info. ProcessID:[10000] , WorkStatus:[1], BatchID:[12]

2026-05-26 14:21:21.927 INFO  [22572] [CServerManager::ParseOutputResForSP@31456] SDK: Callback work state info. ProcessID:[10000] , WorkStatus:[0], BatchID:[12], ProcessTime:[4.656600]

2026-05-26 14:21:21.935 INFO  [22572] [CServerManager::ParseOutputResForSP@31494] SDK: Callback procedure stop execute info end. nProcessID:[10000]; nStatus:[0]; m_nStopIndex:[12]

2026-05-26 14:21:22.199 INFO  [22236] [CServerManager::SM_ExecuteOnce_V30@4806] start. ProcessID = [10000]

2026-05-26 14:21:22.199 INFO  [22236] [CServerManager::SM_ExecuteOnce_V30@4847] end

2026-05-26 14:21:22.200 INFO  [22572] [CServerManager::ParseOutputResForSP@31268] SDK: Callback work state info. ProcessID:[10000] , WorkStatus:[1], BatchID:[13]

2026-05-26 14:21:22.208 INFO  [22572] [CServerManager::ParseOutputResForSP@31456] SDK: Callback work state info. ProcessID:[10000] , WorkStatus:[0], BatchID:[13], ProcessTime:[4.802400]

2026-05-26 14:21:22.217 INFO  [22572] [CServerManager::ParseOutputResForSP@31494] SDK: Callback procedure stop execute info end. nProcessID:[10000]; nStatus:[0]; m_nStopIndex:[13]

2026-05-26 14:21:22.480 INFO  [22236] [CServerManager::SM_ExecuteOnce_V30@4806] start. ProcessID = [10000]

2026-05-26 14:21:22.480 INFO  [22236] [CServerManager::SM_ExecuteOnce_V30@4847] end

2026-05-26 14:21:22.480 INFO  [22572] [CServerManager::ParseOutputResForSP@31268] SDK: Callback work state info. ProcessID:[10000] , WorkStatus:[1], BatchID:[14]

2026-05-26 14:21:22.487 INFO  [22572] [CServerManager::ParseOutputResForSP@31456] SDK: Callback work state info. ProcessID:[10000] , WorkStatus:[0], BatchID:[14], ProcessTime:[5.232200]

2026-05-26 14:21:22.494 INFO  [22572] [CServerManager::ParseOutputResForSP@31494] SDK: Callback procedure stop execute info end. nProcessID:[10000]; nStatus:[0]; m_nStopIndex:[14]

2026-05-26 14:21:22.823 INFO  [22236] [CServerManager::SM_ExecuteOnce_V30@4806] start. ProcessID = [10000]

2026-05-26 14:21:22.824 INFO  [22236] [CServerManager::SM_ExecuteOnce_V30@4847] end

2026-05-26 14:21:22.824 INFO  [22572] [CServerManager::ParseOutputResForSP@31268] SDK: Callback work state info. ProcessID:[10000] , WorkStatus:[1], BatchID:[15]

2026-05-26 14:21:22.831 INFO  [22572] [CServerManager::ParseOutputResForSP@31456] SDK: Callback work state info. ProcessID:[10000] , WorkStatus:[0], BatchID:[15], ProcessTime:[5.423700]

2026-05-26 14:21:22.840 INFO  [22572] [CServerManager::ParseOutputResForSP@31494] SDK: Callback procedure stop execute info end. nProcessID:[10000]; nStatus:[0]; m_nStopIndex:[15]

2026-05-26 14:21:23.240 INFO  [22236] [CServerManager::SM_ExecuteOnce_V30@4806] start. ProcessID = [10000]

2026-05-26 14:21:23.240 INFO  [22236] [CServerManager::SM_ExecuteOnce_V30@4847] end

2026-05-26 14:21:23.240 INFO  [22572] [CServerManager::ParseOutputResForSP@31268] SDK: Callback work state info. ProcessID:[10000] , WorkStatus:[1], BatchID:[16]

2026-05-26 14:21:23.248 INFO  [22572] [CServerManager::ParseOutputResForSP@31456] SDK: Callback work state info. ProcessID:[10000] , WorkStatus:[0], BatchID:[16], ProcessTime:[4.646600]

2026-05-26 14:21:23.253 INFO  [22572] [CServerManager::ParseOutputResForSP@31494] SDK: Callback procedure stop execute info end. nProcessID:[10000]; nStatus:[0]; m_nStopIndex:[16]

2026-05-26 15:40:13.873 INFO  [2144] [CServerManager::PrintLog@36267] ======================================== 4.2.0 build Sep  6 2022 10:18:34 Start Print Log ========================================

2026-05-26 15:40:13.997 INFO  [2144] [CClientManager::InitAuthorization@5906] begin.

2026-05-26 15:40:14.225 INFO  [2144] [CClientManager::CheckLicense@6631] start

2026-05-26 15:40:14.225 INFO  [2144] [CClientManager::CheckLicense@6683] end

2026-05-26 15:40:14.594 INFO  [2144] [CClientManager::InitAuthorization@5962] SDK: InitAuthorization, authorization check successful.

2026-05-26 15:40:14.594 INFO  [2144] [CClientManager::InitAuthorization@5966] end.

2026-05-26 15:40:14.594 INFO  [2144] [CClientManager::Init@5408] begin.

2026-05-26 15:40:14.594 INFO  [2144] [CClientManager::DeInitPair@5695] start

2026-05-26 15:40:14.594 INFO  [2144] [CClientManager::DeInitPair@5709] end

2026-05-26 15:40:14.594 INFO  [2144] [CClientManager::DeInitPair@5695] start

2026-05-26 15:40:14.594 INFO  [2144] [CClientManager::DeInitPair@5709] end

2026-05-26 15:40:14.594 INFO  [2144] [CClientManager::Init@5426] end.nRet[0]

2026-05-26 15:40:14.594 INFO  [2144] [CClientManager::PF_DetectAndStartServer@12450] begin.

2026-05-26 15:40:14.594 INFO  [2144] [CServerManager::DetectService@33992] SDK: DetectService by OpenSCManager start

2026-05-26 15:40:14.601 INFO  [2144] [CServerManager::DetectService@34057] end

2026-05-26 15:40:14.601 INFO  [2144] [CClientManager::PF_DetectAndStartServer@12645] end.

2026-05-26 15:40:14.601 INFO  [2144] [CClientManager::PF_CreateHandle@1447] begin. nHandleType:[0]

2026-05-26 15:40:14.611 INFO  [2144] [CClientManager::PF_CreateHandle@1475] SDK: Third software start server by exe.

2026-05-26 15:40:14.611 INFO  [2144] [CServerManager::SM_Init@388] start

2026-05-26 15:40:14.611 INFO  [2144] [CServerManager::DeInit@23691] start

2026-05-26 15:40:14.611 INFO  [2144] [CServerManager::StopModuResSub@24968] start

2026-05-26 15:40:14.611 INFO  [2144] [CServerManager::StopModuResSub@24978] end

2026-05-26 15:40:14.611 INFO  [2144] [CServerManager::StopSub@24844] start

2026-05-26 15:40:14.611 INFO  [2144] [CServerManager::StopSub@24854] end

2026-05-26 15:40:14.611 INFO  [2144] [CServerManager::StopHeartPair@25850] start

2026-05-26 15:40:14.611 INFO  [2144] [CServerManager::StopHeartPair@25858] end

2026-05-26 15:40:14.611 INFO  [2144] [CServerManager::DeInitReadSendBuffer@23798] start

2026-05-26 15:40:14.611 INFO  [2144] [CServerManager::DeInitReadSendBuffer@23820] end

2026-05-26 15:40:14.611 INFO  [2144] [CServerManager::DeInitHeartPair@24496] start

2026-05-26 15:40:14.611 INFO  [2144] [CServerManager::StopHeartPair@25850] start

2026-05-26 15:40:14.611 INFO  [2144] [CServerManager::StopHeartPair@25858] end

2026-05-26 15:40:14.611 INFO  [2144] [CServerManager::DeInitHeartPair@24511] end

2026-05-26 15:40:14.611 INFO  [2144] [CServerManager::DeInitSub@23975] start

2026-05-26 15:40:14.611 INFO  [2144] [CServerManager::DeInitSub@23989] end

2026-05-26 15:40:14.611 INFO  [2144] [CServerManager::DeInitProxySub@24078] start

2026-05-26 15:40:14.611 INFO  [2144] [CServerManager::DeInitProxySub@24093] end

2026-05-26 15:40:14.611 INFO  [2144] [CServerManager::DeInitReq@24353] start

2026-05-26 15:40:14.611 INFO  [2144] [CServerManager::UnRegisterModule@24777] start

2026-05-26 15:40:14.611 WARN  [2144] [CServerManager::UnRegisterModule@24780] SDK: m_hCommunicationReq is NULL.

2026-05-26 15:40:14.611 INFO  [2144] [CServerManager::NotifyServerDestroy4Export@12373] start

2026-05-26 15:40:14.611 INFO  [2144] [CServerManager::NotifyServerDestroy4Export@12389] end

2026-05-26 15:40:14.611 INFO  [2144] [CServerManager::DeInitReq@24378] end

2026-05-26 15:40:14.611 INFO  [2144] [CServerManager::DeInit@23729] end

2026-05-26 15:40:14.611 INFO  [2144] [CServerManager::InitReadSendBuffer@23740] start

2026-05-26 15:40:14.611 INFO  [2144] [CServerManager::DeInitReadSendBuffer@23798] start

2026-05-26 15:40:14.611 INFO  [2144] [CServerManager::DeInitReadSendBuffer@23820] end

2026-05-26 15:40:14.612 INFO  [2144] [CServerManager::InitReadSendBuffer@23787] end

2026-05-26 15:40:14.612 INFO  [2144] [CServerManager::SM_Init@423] SDK: InitReadSendBuffer success.pstPlatformBasicInfo->nRepIp[0x7f000001],nport[5556]

2026-05-26 15:40:14.612 INFO  [2144] [CServerManager::SM_Init@442] SDK: GetAdapterInfo success. Info:[127.0.0.1]

2026-05-26 15:40:14.612 INFO  [2144] [CServerManager::InitSub@23894] start

2026-05-26 15:40:14.612 INFO  [2144] [CServerManager::DeInitSub@23975] start

2026-05-26 15:40:14.612 INFO  [2144] [CServerManager::DeInitSub@23989] end

2026-05-26 15:40:14.659 INFO  [2144] [CServerManager::InitSub@23964] end

2026-05-26 15:40:14.659 INFO  [2144] [CServerManager::SM_Init@480] SDK: InitSub success.

2026-05-26 15:40:14.659 INFO  [2144] [CServerManager::InitProxySub@23999] start

2026-05-26 15:40:14.659 INFO  [2144] [CServerManager::DeInitProxySub@24078] start

2026-05-26 15:40:14.659 INFO  [2144] [CServerManager::DeInitProxySub@24093] end

2026-05-26 15:40:14.659 INFO  [2144] [CServerManager::InitProxySub@24067] end

2026-05-26 15:40:14.659 INFO  [2144] [CServerManager::SM_Init@489] SDK: InitProxySub success.

2026-05-26 15:40:14.659 INFO  [2144] [CServerManager::InitHeartPair@24383] start

2026-05-26 15:40:14.659 INFO  [2144] [CServerManager::DeInitHeartPair@24496] start

2026-05-26 15:40:14.659 INFO  [2144] [CServerManager::StopHeartPair@25850] start

2026-05-26 15:40:14.659 INFO  [2144] [CServerManager::StopHeartPair@25858] end

2026-05-26 15:40:14.659 INFO  [2144] [CServerManager::DeInitHeartPair@24511] end

2026-05-26 15:40:14.659 INFO  [2144] [CServerManager::InitHeartPair@24418] SDK: request heartbeat addr[tcp://127.0.0.1:49648]

2026-05-26 15:40:14.659 INFO  [2144] [CServerManager::InitHeartPair@24489] end

2026-05-26 15:40:14.659 INFO  [2144] [CServerManager::SM_Init@497] SDK: InitHeartPair success.

2026-05-26 15:40:14.659 INFO  [2144] [CServerManager::InitReq@24103] start

2026-05-26 15:40:14.659 INFO  [2144] [CServerManager::DeInitReq@24353] start

2026-05-26 15:40:14.659 INFO  [2144] [CServerManager::UnRegisterModule@24777] start

2026-05-26 15:40:14.659 WARN  [2144] [CServerManager::UnRegisterModule@24780] SDK: m_hCommunicationReq is NULL.

2026-05-26 15:40:14.659 INFO  [2144] [CServerManager::NotifyServerDestroy4Export@12373] start

2026-05-26 15:40:14.659 INFO  [2144] [CServerManager::NotifyServerDestroy4Export@12389] end

2026-05-26 15:40:14.659 INFO  [2144] [CServerManager::DeInitReq@24378] end

2026-05-26 15:40:14.660 INFO  [2144] [CServerManager::InitReq@24160] Bind address:[tcp://127.0.0.1:49649]

2026-05-26 15:40:14.660 INFO  [2144] [CServerManager::InitReq@24164] Bind address:[tcp://127.0.0.1:49649], nRet:[0]

2026-05-26 15:40:14.660 INFO  [2144] [CServerManager::InitReq@24168] SetSocketOpt, nRet:[0]

2026-05-26 15:40:14.660 INFO  [2144] [CServerManager::InitReq@24172] SetSocketOpt, nRet:[0]

2026-05-26 15:40:14.772 INFO  [2144] [CServerManager::InitReq@24248] SDK:Connect addr:[tcp://127.0.0.1:5556], nRet:[0]

2026-05-26 15:40:14.772 INFO  [2144] [CServerManager::InitReq@24258] SDK: Connect to vmserver rep[tcp://127.0.0.1:5556]

2026-05-26 15:40:14.772 INFO  [2144] [CServerManager::GetProxyRegisterState@23292] start.

2026-05-26 15:40:14.772 INFO  [2144] [CServerManager::GetProxyRegisterState@23364] end.

2026-05-26 15:40:14.772 INFO  [2144] [CServerManager::RegisterModule@24521] start

2026-05-26 15:40:14.772 INFO  [2144] [CServerManager::GetProcessDirectoryById@34481] SDK: Process path:[C:\Program Files\VisionMaster4.2.0\Applications\Server]

2026-05-26 15:40:14.772 INFO  [2144] [CServerManager::RegisterModule@24590] SDK: Register RepAddress:[]; Proxy pub address:[tcp://0.0.0.0:49783]

2026-05-26 15:40:14.772 INFO  [2144] [CServerManager::RegisterModule@24592] SDK: Register info. ClientType:[1]; GUID:[127.0.0.1:5E70BFD03EDB48CE872720534D07E8CC]

2026-05-26 15:40:14.786 INFO  [2144] [CServerManager::RegisterModule@24766] end

2026-05-26 15:40:14.787 INFO  [2144] [CServerManager::InitReq@24342] end

2026-05-26 15:40:14.787 INFO  [2144] [CServerManager::SM_Init@506] SDK: InitReq success.

2026-05-26 15:40:14.787 INFO  [2144] [CServerManager::SM_Init@515] SDK: StartSub success.

2026-05-26 15:40:14.787 INFO  [2144] [CServerManager::StartModuResSub@24943] start

2026-05-26 15:40:14.787 INFO  [2144] [CServerManager::StartModuResSub@24956] end

2026-05-26 15:40:14.787 INFO  [2144] [CServerManager::SM_Init@525] SDK: StartModuResSub success.

2026-05-26 15:40:14.787 INFO  [2144] [CServerManager::ProxyP2PConnect@36857] Begin

2026-05-26 15:40:14.787 INFO  [21272] [CServerManager::HeartPairThreadProcess@25875] start

2026-05-26 15:40:14.787 INFO  [4676] [CServerManager::SubThreadProcess@24882] start

2026-05-26 15:40:14.787 INFO  [2144] [CServerManager::GetProxyP2PAddr@36801] start

2026-05-26 15:40:14.787 INFO  [22624] [CServerManager::ModuResSubThreadProcess@25006] start

2026-05-26 15:40:14.788 INFO  [2144] [CServerManager::GetProxyP2PAddr@36847] end

2026-05-26 15:40:14.788 INFO  [2144] [ProxyP2PComm::InitP2PComm@60] start

2026-05-26 15:40:14.789 INFO  [2144] [ProxyP2PComm::InitP2PComm@97] end

2026-05-26 15:40:14.789 INFO  [2144] [CServerManager::ProxyP2PConnect@36872] End

2026-05-26 15:40:14.789 INFO  [2144] [CServerManager::SM_Init@563] end

2026-05-26 15:40:14.789 INFO  [2144] [CServerManager::SM_SetAllReportModuleResult@14887] start.

2026-05-26 15:40:14.790 INFO  [2144] [CServerManager::SM_SetAllReportModuleResult@14911] end.

2026-05-26 15:40:14.790 INFO  [2144] [CServerManager::SM_GetProcedureReentrant@21103] start.

2026-05-26 15:40:14.794 INFO  [2144] [CServerManager::SM_GetProcedureReentrant@21138] SDK: SM_GetProcedureReentrant nRecvBufLen:[228]

2026-05-26 15:40:14.794 INFO  [2144] [CServerManager::SM_GetProcedureReentrant@21186] end.

2026-05-26 15:40:14.794 INFO  [2144] [CClientManager::PF_CreateHandle@1535] end.

2026-05-26 15:40:15.518 INFO  [2144] [CServerManager::SM_RegisterOutputPlatformInfoCallBack@575] start

2026-05-26 15:40:15.518 INFO  [2144] [CServerManager::SM_RegisterOutputPlatformInfoCallBack@601] end

2026-05-26 15:40:15.523 INFO  [2144] [CServerManager::SM_CheckSolution@322] start

2026-05-26 15:40:15.533 INFO  [2144] [CServerManager::SM_CheckSolution@342] end

2026-05-26 15:40:15.540 INFO  [2144] [CServerManager::SM_LoadSolution@1701] start

2026-05-26 15:40:15.540 INFO  [2144] [CServerManager::SM_CheckSolution@322] start

2026-05-26 15:40:15.542 INFO  [2144] [CServerManager::SM_CheckSolution@342] end

2026-05-26 15:40:15.542 INFO  [2144] [CServerManager::SM_LoadSolution@1785] m_bIsTool:[0]

2026-05-26 15:40:15.542 INFO  [2144] [CServerManager::SM_LoadSolution@1788] Judge start.

2026-05-26 15:40:15.542 INFO  [2144] [CServerManager::SM_GetSolutionVersion@1484] start

2026-05-26 15:40:15.542 INFO  [2144] [CServerManager::SM_GetSolutionVersion@1504] SDK: UncompressOneFile start.

2026-05-26 15:40:15.544 INFO  [2144] [CServerManager::SM_GetSolutionVersion@1511] SDK: UncompressOneFile end.

2026-05-26 15:40:15.545 INFO  [2144] [CServerManager::SM_GetSolutionVersion@1533] end

2026-05-26 15:40:15.545 INFO  [2144] [CServerManager::SM_LoadSolution@1798] SM_GetSolutionVersion:[V4.2.1]

2026-05-26 15:40:15.545 INFO  [2144] [CServerManager::SM_LoadSolution@1807] Judge end.

2026-05-26 15:40:15.545 INFO  [2144] [CServerManager::SM_LoadSolution@1896] end

2026-05-26 15:40:15.545 INFO  [4676] [CServerManager::ParseLoadSolBeginInfo@28577] SDK: Callback load solution start information start.

2026-05-26 15:40:15.546 INFO  [4676] [CServerManager::ParseLoadSolBeginInfo@28594] SDK: Callback load solution start information end. ClientType:[1] Path:[D:\xcm\Test\相机拍与输出（无数据输出）2.sol]

2026-05-26 15:40:15.548 INFO  [4676] [CServerManager::ParseLoadSolProgressInfo@28813] SDK: Cb load solution process:[15]

2026-05-26 15:40:15.556 INFO  [4676] [CServerManager::ParseProcessStopRunInfo@29453] SDK: Stop from server nStopIndex:[0]

2026-05-26 15:40:15.556 INFO  [4676] [CServerManager::CallbackStopStatus@22955] SDK: Asny Callback procedure stop execute info end. nProcessID:[10000]; nStatus:[0]

2026-05-26 15:40:15.563 INFO  [22624] [CServerManager::ParseOutputResForSP@31494] SDK: Callback procedure stop execute info end. nProcessID:[10000]; nStatus:[0]; m_nStopIndex:[35]

2026-05-26 15:40:17.479 INFO  [4676] [CServerManager::ParseLoadSolProgressInfo@28813] SDK: Cb load solution process:[30]

2026-05-26 15:40:17.833 INFO  [4676] [CServerManager::ParseLoadSolProgressInfo@28813] SDK: Cb load solution process:[50]

2026-05-26 15:40:17.857 INFO  [4676] [CServerManager::ParseModuleReportData@29264] SDK: Callback algorithm init register info start.

2026-05-26 15:40:17.857 INFO  [4676] [CServerManager::ParseModuleReportData@29282] SDK: Callback algorithm init register info end. ModuleID:[6], nType:[3221225472]

2026-05-26 15:40:17.865 INFO  [4676] [CServerManager::ParseModuleReportData@29103] SDK: Callback communication data info start.

2026-05-26 15:40:17.865 INFO  [4676] [CServerManager::ParseModuleReportData@29153] SDK: Callback communication data info end. nType:[1025]

2026-05-26 15:40:23.384 INFO  [4676] [CServerManager::ParseModuleReportData@29264] SDK: Callback algorithm init register info start.

2026-05-26 15:40:23.386 INFO  [4676] [CServerManager::ParseModuleReportData@29282] SDK: Callback algorithm init register info end. ModuleID:[6], nType:[3221225472]

2026-05-26 15:40:23.388 INFO  [4676] [CServerManager::ParseLoadSolProgressInfo@28813] SDK: Cb load solution process:[75]

2026-05-26 15:40:23.388 INFO  [4676] [CServerManager::ParseGlobalProcessObjectInfo@33028] SDK: Cb global and process object information start.

2026-05-26 15:40:23.476 INFO  [4676] [CServerManager::ParseGlobalProcessObjectInfo@33042] SDK: Cb global and process object information end.

2026-05-26 15:40:23.476 INFO  [4676] [CServerManager::ParseLoadSolProgressInfo@28813] SDK: Cb load solution process:[85]

2026-05-26 15:40:23.476 INFO  [4676] [CServerManager::ParseLoadSolProgressInfo@28813] SDK: Cb load solution process:[90]

2026-05-26 15:40:23.476 INFO  [4676] [CServerManager::ParseLoadSolProgressInfo@28813] SDK: Cb load solution process:[100]

2026-05-26 15:40:23.476 INFO  [4676] [CServerManager::ParseLoadSolEndInfo@28662] SDK: Callback load solution end information start. nClientType:[1]; nStatus:[0]

2026-05-26 15:40:23.478 INFO  [4676] [CClientManager::PF_GetSolutionPath@9193] begin.

2026-05-26 15:40:23.478 INFO  [4676] [CServerManager::SM_GetSolutionPath@21223] start.

2026-05-26 15:40:23.478 INFO  [4676] [CServerManager::SM_GetSolutionPath@21329] end.

2026-05-26 15:40:23.478 INFO  [4676] [CClientManager::PF_GetSolutionPath@9241] end.

2026-05-26 15:40:23.480 INFO  [4676] [CServerManager::ParseLoadSolEndInfo@28675] SDK: Callback load solution end information end.

2026-05-26 15:40:23.480 INFO  [4676] [CServerManager::ParseExecuteAfterLoadInfo@30403] SDK: Callback execute state after load info start.

2026-05-26 15:40:23.480 INFO  [4676] [CServerManager::ParseExecuteAfterLoadInfo@30420] SDK: Callback execute state after load info end. State:[0]

2026-05-26 15:40:23.482 INFO  [2144] [CServerManager::SM_SetServerReadyEvent@13138] start

2026-05-26 15:40:23.482 INFO  [2144] [CServerManager::SM_SetServerReadyEvent@13151] end

2026-05-26 15:40:24.781 INFO  [2144] [CServerManager::SM_GetAllProcessList@5268] start

2026-05-26 15:40:24.782 INFO  [2144] [CServerManager::SM_GetAllProcessList@5394] end

2026-05-26 15:40:24.834 INFO  [2144] [CServerManager::SM_GetAllProcessList@5268] start

2026-05-26 15:40:24.834 INFO  [2144] [CServerManager::SM_GetAllProcessList@5394] end

2026-05-26 15:40:25.412 INFO  [2144] [CClientManager::CM_GetModuInputIOInfo@8473] begin.

2026-05-26 15:40:25.412 INFO  [2144] [CClientManager::CM_GetModuInputIOInfo@8515] new end

2026-05-26 15:40:25.412 INFO  [2144] [CClientManager::CM_GetModuInputIOInfo@8580] SM_DynamicGetBinaryData start.

2026-05-26 15:40:25.412 INFO  [2144] [CServerManager::SM_DynamicGetBinaryData@4583] start

2026-05-26 15:40:25.412 INFO  [2144] [CServerManager::SM_DynamicGetBinaryData@4642] SDK: SM_GetBinaryData nRecvBufLen: [170]

2026-05-26 15:40:25.412 INFO  [2144] [CServerManager::SM_DynamicGetBinaryData@4762] end

2026-05-26 15:40:25.412 INFO  [2144] [CClientManager::CM_GetModuInputIOInfo@8598] SM_DynamicGetBinaryData BinaryLength = [170]

2026-05-26 15:40:25.412 INFO  [2144] [CClientManager::GetIoNum@8369] Start

2026-05-26 15:40:25.412 INFO  [2144] [CClientManager::CM_GetModuInputIOInfo@8641] GetIoNum:[0]

2026-05-26 15:40:25.412 INFO  [2144] [CClientManager::CM_GetModuInputIOInfo@8687] end.

2026-05-26 15:40:25.412 INFO  [2144] [CClientManager::CM_GetModuOutputIOInfo@8693] begin.

2026-05-26 15:40:25.412 INFO  [2144] [CClientManager::CM_GetModuOutputIOInfo@8801] SM_DynamicGetBinaryData start.

2026-05-26 15:40:25.412 INFO  [2144] [CServerManager::SM_DynamicGetBinaryData@4583] start

2026-05-26 15:40:25.414 INFO  [2144] [CServerManager::SM_DynamicGetBinaryData@4642] SDK: SM_GetBinaryData nRecvBufLen: [12515]

2026-05-26 15:40:25.414 INFO  [2144] [CServerManager::SM_DynamicGetBinaryData@4762] end

2026-05-26 15:40:25.414 INFO  [2144] [CClientManager::CM_GetModuOutputIOInfo@8820] SM_DynamicGetBinaryData BinaryLength = [12515]

2026-05-26 15:40:25.414 INFO  [2144] [CClientManager::GetIoNum@8369] Start

2026-05-26 15:40:25.414 INFO  [2144] [CClientManager::CM_GetModuOutputIOInfo@8862] GetIoNum:[38]

2026-05-26 15:40:25.414 INFO  [2144] [CClientManager::CM_GetModuOutputIOInfo@8907] end.

2026-05-26 15:40:25.434 INFO  [2144] [CClientManager::CM_GetModuInputIOInfo@8473] begin.

2026-05-26 15:40:25.434 INFO  [2144] [CClientManager::CM_GetModuInputIOInfo@8515] new end

2026-05-26 15:40:25.434 INFO  [2144] [CClientManager::CM_GetModuInputIOInfo@8580] SM_DynamicGetBinaryData start.

2026-05-26 15:40:25.434 INFO  [2144] [CServerManager::SM_DynamicGetBinaryData@4583] start

2026-05-26 15:40:25.434 INFO  [2144] [CServerManager::SM_DynamicGetBinaryData@4642] SDK: SM_GetBinaryData nRecvBufLen: [1]

2026-05-26 15:40:25.434 INFO  [2144] [CServerManager::SM_DynamicGetBinaryData@4762] end

2026-05-26 15:40:25.434 INFO  [2144] [CClientManager::CM_GetModuInputIOInfo@8598] SM_DynamicGetBinaryData BinaryLength = [1]

2026-05-26 15:40:25.434 INFO  [2144] [CClientManager::CM_GetModuInputIOInfo@8687] end.

2026-05-26 15:40:25.434 INFO  [2144] [CClientManager::CM_GetModuOutputIOInfo@8693] begin.

2026-05-26 15:40:25.434 INFO  [2144] [CClientManager::CM_GetModuOutputIOInfo@8801] SM_DynamicGetBinaryData start.

2026-05-26 15:40:25.434 INFO  [2144] [CServerManager::SM_DynamicGetBinaryData@4583] start

2026-05-26 15:40:25.436 INFO  [2144] [CServerManager::SM_DynamicGetBinaryData@4642] SDK: SM_GetBinaryData nRecvBufLen: [1]

2026-05-26 15:40:25.436 INFO  [2144] [CServerManager::SM_DynamicGetBinaryData@4762] end

2026-05-26 15:40:25.436 INFO  [2144] [CClientManager::CM_GetModuOutputIOInfo@8820] SM_DynamicGetBinaryData BinaryLength = [1]

2026-05-26 15:40:25.436 INFO  [2144] [CClientManager::CM_GetModuOutputIOInfo@8907] end.

2026-05-26 15:40:25.438 INFO  [2144] [CClientManager::CM_GetModuInputIOInfo@8473] begin.

2026-05-26 15:40:25.438 INFO  [2144] [CClientManager::CM_GetModuInputIOInfo@8515] new end

2026-05-26 15:40:25.438 INFO  [2144] [CClientManager::CM_GetModuInputIOInfo@8580] SM_DynamicGetBinaryData start.

2026-05-26 15:40:25.438 INFO  [2144] [CServerManager::SM_DynamicGetBinaryData@4583] start

2026-05-26 15:40:25.438 INFO  [2144] [CServerManager::SM_DynamicGetBinaryData@4642] SDK: SM_GetBinaryData nRecvBufLen: [1]

2026-05-26 15:40:25.438 INFO  [2144] [CServerManager::SM_DynamicGetBinaryData@4762] end

2026-05-26 15:40:25.438 INFO  [2144] [CClientManager::CM_GetModuInputIOInfo@8598] SM_DynamicGetBinaryData BinaryLength = [1]

2026-05-26 15:40:25.438 INFO  [2144] [CClientManager::CM_GetModuInputIOInfo@8687] end.

2026-05-26 15:40:25.438 INFO  [2144] [CClientManager::CM_GetModuOutputIOInfo@8693] begin.

2026-05-26 15:40:25.438 INFO  [2144] [CClientManager::CM_GetModuOutputIOInfo@8801] SM_DynamicGetBinaryData start.

2026-05-26 15:40:25.438 INFO  [2144] [CServerManager::SM_DynamicGetBinaryData@4583] start

2026-05-26 15:40:25.440 INFO  [2144] [CServerManager::SM_DynamicGetBinaryData@4642] SDK: SM_GetBinaryData nRecvBufLen: [1]

2026-05-26 15:40:25.440 INFO  [2144] [CServerManager::SM_DynamicGetBinaryData@4762] end

2026-05-26 15:40:25.440 INFO  [2144] [CClientManager::CM_GetModuOutputIOInfo@8820] SM_DynamicGetBinaryData BinaryLength = [1]

2026-05-26 15:40:25.440 INFO  [2144] [CClientManager::CM_GetModuOutputIOInfo@8907] end.

2026-05-26 15:40:25.440 INFO  [2144] [CServerManager::SM_GetAllGlobalModule@17598] start.

2026-05-26 15:40:25.440 INFO  [2144] [CServerManager::SM_GetAllGlobalModule@17727] end.

2026-05-26 15:40:25.462 INFO  [2144] [CClientManager::CM_GetModuInputIOInfo@8473] begin.

2026-05-26 15:40:25.462 INFO  [2144] [CClientManager::CM_GetModuInputIOInfo@8515] new end

2026-05-26 15:40:25.462 INFO  [2144] [CClientManager::CM_GetModuInputIOInfo@8580] SM_DynamicGetBinaryData start.

2026-05-26 15:40:25.462 INFO  [2144] [CServerManager::SM_DynamicGetBinaryData@4583] start

2026-05-26 15:40:25.462 INFO  [2144] [CServerManager::SM_DynamicGetBinaryData@4642] SDK: SM_GetBinaryData nRecvBufLen: [1]

2026-05-26 15:40:25.462 INFO  [2144] [CServerManager::SM_DynamicGetBinaryData@4762] end

2026-05-26 15:40:25.462 INFO  [2144] [CClientManager::CM_GetModuInputIOInfo@8598] SM_DynamicGetBinaryData BinaryLength = [1]

2026-05-26 15:40:25.462 INFO  [2144] [CClientManager::CM_GetModuInputIOInfo@8687] end.

2026-05-26 15:40:25.462 INFO  [2144] [CClientManager::CM_GetModuOutputIOInfo@8693] begin.

2026-05-26 15:40:25.462 INFO  [2144] [CClientManager::CM_GetModuOutputIOInfo@8801] SM_DynamicGetBinaryData start.

2026-05-26 15:40:25.462 INFO  [2144] [CServerManager::SM_DynamicGetBinaryData@4583] start

2026-05-26 15:40:25.462 INFO  [2144] [CServerManager::SM_DynamicGetBinaryData@4642] SDK: SM_GetBinaryData nRecvBufLen: [1]

2026-05-26 15:40:25.462 INFO  [2144] [CServerManager::SM_DynamicGetBinaryData@4762] end

2026-05-26 15:40:25.462 INFO  [2144] [CClientManager::CM_GetModuOutputIOInfo@8820] SM_DynamicGetBinaryData BinaryLength = [1]

2026-05-26 15:40:25.462 INFO  [2144] [CClientManager::CM_GetModuOutputIOInfo@8907] end.

2026-05-26 15:40:25.472 INFO  [2144] [CClientManager::CM_GetModuInputIOInfo@8473] begin.

2026-05-26 15:40:25.472 INFO  [2144] [CClientManager::CM_GetModuInputIOInfo@8515] new end

2026-05-26 15:40:25.472 INFO  [2144] [CClientManager::CM_GetModuInputIOInfo@8580] SM_DynamicGetBinaryData start.

2026-05-26 15:40:25.472 INFO  [2144] [CServerManager::SM_DynamicGetBinaryData@4583] start

2026-05-26 15:40:25.474 INFO  [2144] [CServerManager::SM_DynamicGetBinaryData@4642] SDK: SM_GetBinaryData nRecvBufLen: [1]

2026-05-26 15:40:25.474 INFO  [2144] [CServerManager::SM_DynamicGetBinaryData@4762] end

2026-05-26 15:40:25.474 INFO  [2144] [CClientManager::CM_GetModuInputIOInfo@8598] SM_DynamicGetBinaryData BinaryLength = [1]

2026-05-26 15:40:25.474 INFO  [2144] [CClientManager::CM_GetModuInputIOInfo@8687] end.

2026-05-26 15:40:25.474 INFO  [2144] [CClientManager::CM_GetModuOutputIOInfo@8693] begin.

2026-05-26 15:40:25.474 INFO  [2144] [CClientManager::CM_GetModuOutputIOInfo@8801] SM_DynamicGetBinaryData start.

2026-05-26 15:40:25.474 INFO  [2144] [CServerManager::SM_DynamicGetBinaryData@4583] start

2026-05-26 15:40:25.474 INFO  [2144] [CServerManager::SM_DynamicGetBinaryData@4642] SDK: SM_GetBinaryData nRecvBufLen: [1]

2026-05-26 15:40:25.474 INFO  [2144] [CServerManager::SM_DynamicGetBinaryData@4762] end

2026-05-26 15:40:25.474 INFO  [2144] [CClientManager::CM_GetModuOutputIOInfo@8820] SM_DynamicGetBinaryData BinaryLength = [1]

2026-05-26 15:40:25.474 INFO  [2144] [CClientManager::CM_GetModuOutputIOInfo@8907] end.

2026-05-26 15:40:25.484 INFO  [2144] [CClientManager::CM_GetModuInputIOInfo@8473] begin.

2026-05-26 15:40:25.484 INFO  [2144] [CClientManager::CM_GetModuInputIOInfo@8515] new end

2026-05-26 15:40:25.484 INFO  [2144] [CClientManager::CM_GetModuInputIOInfo@8580] SM_DynamicGetBinaryData start.

2026-05-26 15:40:25.484 INFO  [2144] [CServerManager::SM_DynamicGetBinaryData@4583] start

2026-05-26 15:40:25.484 INFO  [2144] [CServerManager::SM_DynamicGetBinaryData@4642] SDK: SM_GetBinaryData nRecvBufLen: [1]

2026-05-26 15:40:25.484 INFO  [2144] [CServerManager::SM_DynamicGetBinaryData@4762] end

2026-05-26 15:40:25.484 INFO  [2144] [CClientManager::CM_GetModuInputIOInfo@8598] SM_DynamicGetBinaryData BinaryLength = [1]

2026-05-26 15:40:25.484 INFO  [2144] [CClientManager::CM_GetModuInputIOInfo@8687] end.

2026-05-26 15:40:25.484 INFO  [2144] [CClientManager::CM_GetModuOutputIOInfo@8693] begin.

2026-05-26 15:40:25.484 INFO  [2144] [CClientManager::CM_GetModuOutputIOInfo@8801] SM_DynamicGetBinaryData start.

2026-05-26 15:40:25.484 INFO  [2144] [CServerManager::SM_DynamicGetBinaryData@4583] start

2026-05-26 15:40:25.486 INFO  [2144] [CServerManager::SM_DynamicGetBinaryData@4642] SDK: SM_GetBinaryData nRecvBufLen: [1666]

2026-05-26 15:40:25.486 INFO  [2144] [CServerManager::SM_DynamicGetBinaryData@4762] end

2026-05-26 15:40:25.486 INFO  [2144] [CClientManager::CM_GetModuOutputIOInfo@8820] SM_DynamicGetBinaryData BinaryLength = [1666]

2026-05-26 15:40:25.486 INFO  [2144] [CClientManager::GetIoNum@8369] Start

2026-05-26 15:40:25.486 INFO  [2144] [CClientManager::CM_GetModuOutputIOInfo@8862] GetIoNum:[5]

2026-05-26 15:40:25.486 INFO  [2144] [CClientManager::CM_GetModuOutputIOInfo@8907] end.

2026-05-26 15:40:25.488 INFO  [2144] [CServerManager::SM_GetBinaryLength@4230] start

2026-05-26 15:40:25.488 INFO  [2144] [CServerManager::SM_GetBinaryLength@4260] SDK: SM_GetBinaryLength Name:[GlobalValueList]; nRecvWaitTime:[3000]

2026-05-26 15:40:25.492 INFO  [2144] [CServerManager::SM_GetBinaryLength@4382] SDK: nBinaryLength: [10813460]

2026-05-26 15:40:25.492 INFO  [2144] [CServerManager::SM_GetBinaryLength@4391] end

2026-05-26 15:40:25.492 INFO  [2144] [CServerManager::SM_GetBinaryData@4399] start

2026-05-26 15:40:25.518 INFO  [2144] [CServerManager::SM_GetBinaryData@4575] end

2026-05-26 15:40:25.570 INFO  [2144] [CServerManager::SM_SetModuOutputIOInfo@19412] start

2026-05-26 15:40:25.570 INFO  [2144] [CServerManager::SM_DynamicSetBinaryData@4053] start

2026-05-26 15:40:25.570 INFO  [2144] [CServerManager::SM_DynamicSetBinaryData@4073] SDK:Id[13000] param name:[DynamicOutData]; nBinaryLenth:[1947]; nRecvWaitTime:[5000]

2026-05-26 15:40:25.570 INFO  [2144] [CServerManager::SM_DynamicSetBinaryData@4107] SDK: Write buffer length:[1992]

2026-05-26 15:40:25.570 INFO  [2144] [CServerManager::SM_DynamicSetBinaryData@4125] SDK: nRecvBufLen:[2]

2026-05-26 15:40:25.570 INFO  [2144] [CServerManager::SM_DynamicSetBinaryData@4222] end

2026-05-26 15:40:25.570 INFO  [2144] [CServerManager::SM_SetModuOutputIOInfo@19488] end

2026-05-26 15:40:25.570 INFO  [2144] [CServerManager::SM_SetModuOutputIOInfo@19412] start

2026-05-26 15:40:25.570 INFO  [2144] [CServerManager::SM_DynamicSetBinaryData@4053] start

2026-05-26 15:40:25.570 INFO  [2144] [CServerManager::SM_DynamicSetBinaryData@4073] SDK:Id[13000] param name:[DynamicOutData]; nBinaryLenth:[2228]; nRecvWaitTime:[5000]

2026-05-26 15:40:25.570 INFO  [2144] [CServerManager::SM_DynamicSetBinaryData@4107] SDK: Write buffer length:[2273]

2026-05-26 15:40:25.572 INFO  [2144] [CServerManager::SM_DynamicSetBinaryData@4125] SDK: nRecvBufLen:[2]

2026-05-26 15:40:25.572 INFO  [2144] [CServerManager::SM_DynamicSetBinaryData@4222] end

2026-05-26 15:40:25.572 INFO  [2144] [CServerManager::SM_SetModuOutputIOInfo@19488] end

2026-05-26 15:40:25.572 INFO  [2144] [CServerManager::SM_SetModuOutputIOInfo@19412] start

2026-05-26 15:40:25.572 INFO  [2144] [CServerManager::SM_DynamicSetBinaryData@4053] start

2026-05-26 15:40:25.572 INFO  [2144] [CServerManager::SM_DynamicSetBinaryData@4073] SDK:Id[13000] param name:[DynamicOutData]; nBinaryLenth:[2509]; nRecvWaitTime:[5000]

2026-05-26 15:40:25.572 INFO  [2144] [CServerManager::SM_DynamicSetBinaryData@4107] SDK: Write buffer length:[2554]

2026-05-26 15:40:25.572 INFO  [2144] [CServerManager::SM_DynamicSetBinaryData@4125] SDK: nRecvBufLen:[2]

2026-05-26 15:40:25.572 INFO  [2144] [CServerManager::SM_DynamicSetBinaryData@4222] end

2026-05-26 15:40:25.572 INFO  [2144] [CServerManager::SM_SetModuOutputIOInfo@19488] end

2026-05-26 15:40:25.578 INFO  [2144] [CServerManager::SM_GetMultiModuleSubscribe@17433] start.

2026-05-26 15:40:25.578 WARN  [2144] [CServerManager::SM_GetMultiModuleSubscribe@17535] Server: Parse get module subscribe in process information fail. []

2026-05-26 15:40:25.578 WARN  [2144] [CServerManager::SM_GetMultiModuleSubscribe@17536] SDK: The number of module subscribe info is 0.

2026-05-26 15:40:25.578 INFO  [2144] [CServerManager::SM_GetMultiModuleSubscribe@17592] end.

2026-05-26 15:40:25.578 INFO  [2144] [CServerManager::SM_SetModuOutputIOInfo@19412] start

2026-05-26 15:40:25.578 INFO  [2144] [CServerManager::SM_DynamicSetBinaryData@4053] start

2026-05-26 15:40:25.578 INFO  [2144] [CServerManager::SM_DynamicSetBinaryData@4073] SDK:Id[13000] param name:[DynamicOutData]; nBinaryLenth:[2227]; nRecvWaitTime:[5000]

2026-05-26 15:40:25.578 INFO  [2144] [CServerManager::SM_DynamicSetBinaryData@4107] SDK: Write buffer length:[2272]

2026-05-26 15:40:25.578 INFO  [2144] [CServerManager::SM_DynamicSetBinaryData@4125] SDK: nRecvBufLen:[2]

2026-05-26 15:40:25.578 INFO  [2144] [CServerManager::SM_DynamicSetBinaryData@4222] end

2026-05-26 15:40:25.578 INFO  [2144] [CServerManager::SM_SetModuOutputIOInfo@19488] end

2026-05-26 15:40:25.588 INFO  [2144] [CClientManager::CM_GetModuInputIOInfo@8473] begin.

2026-05-26 15:40:25.588 INFO  [2144] [CClientManager::CM_GetModuInputIOInfo@8515] new end

2026-05-26 15:40:25.588 INFO  [2144] [CClientManager::CM_GetModuInputIOInfo@8580] SM_DynamicGetBinaryData start.

2026-05-26 15:40:25.588 INFO  [2144] [CServerManager::SM_DynamicGetBinaryData@4583] start

2026-05-26 15:40:25.590 INFO  [2144] [CServerManager::SM_DynamicGetBinaryData@4642] SDK: SM_GetBinaryData nRecvBufLen: [1]

2026-05-26 15:40:25.590 INFO  [2144] [CServerManager::SM_DynamicGetBinaryData@4762] end

2026-05-26 15:40:25.590 INFO  [2144] [CClientManager::CM_GetModuInputIOInfo@8598] SM_DynamicGetBinaryData BinaryLength = [1]

2026-05-26 15:40:25.590 INFO  [2144] [CClientManager::CM_GetModuInputIOInfo@8687] end.

2026-05-26 15:40:25.590 INFO  [2144] [CClientManager::CM_GetModuOutputIOInfo@8693] begin.

2026-05-26 15:40:25.590 INFO  [2144] [CClientManager::CM_GetModuOutputIOInfo@8801] SM_DynamicGetBinaryData start.

2026-05-26 15:40:25.590 INFO  [2144] [CServerManager::SM_DynamicGetBinaryData@4583] start

2026-05-26 15:40:25.592 INFO  [2144] [CServerManager::SM_DynamicGetBinaryData@4642] SDK: SM_GetBinaryData nRecvBufLen: [1]

2026-05-26 15:40:25.592 INFO  [2144] [CServerManager::SM_DynamicGetBinaryData@4762] end

2026-05-26 15:40:25.592 INFO  [2144] [CClientManager::CM_GetModuOutputIOInfo@8820] SM_DynamicGetBinaryData BinaryLength = [1]

2026-05-26 15:40:25.592 INFO  [2144] [CClientManager::CM_GetModuOutputIOInfo@8907] end.

2026-05-26 15:40:25.596 INFO  [2144] [CServerManager::SM_FuzzyQueryUIParamValue@17802] start.

2026-05-26 15:40:25.596 INFO  [2144] [CServerManager::SM_FuzzyQueryUIParamValue@17869] SDK: FuzzyQueryUIParamValue name:[SourceIndex], nRecvBufLen:[73]

2026-05-26 15:40:25.596 INFO  [2144] [CServerManager::SM_FuzzyQueryUIParamValue@17952] end.

2026-05-26 15:40:25.596 INFO  [2144] [CServerManager::SM_FuzzyQueryUIParamValue@17802] start.

2026-05-26 15:40:25.596 INFO  [2144] [CServerManager::SM_FuzzyQueryUIParamValue@17869] SDK: FuzzyQueryUIParamValue name:[TargetIndex], nRecvBufLen:[73]

2026-05-26 15:40:25.596 INFO  [2144] [CServerManager::SM_FuzzyQueryUIParamValue@17952] end.

2026-05-26 15:40:25.596 INFO  [2144] [CServerManager::SM_FuzzyQueryUIParamValue@17802] start.

2026-05-26 15:40:25.598 INFO  [2144] [CServerManager::SM_FuzzyQueryUIParamValue@17869] SDK: FuzzyQueryUIParamValue name:[Position], nRecvBufLen:[14]

2026-05-26 15:40:25.598 ERROR [2144] [CServerManager::SM_FuzzyQueryUIParamValue@17904] SDK: Parse server protocol fail. msg:[Err*-536870911]

2026-05-26 15:40:25.598 ERROR [2144] [CServerManager::SM_FuzzyQueryUIParamValue@17942] catch... nRet = [e0000001]

2026-05-26 15:40:25.598 INFO  [2144] [CServerManager::SM_GetMultiModuEnableState@6081] start

2026-05-26 15:40:25.598 INFO  [2144] [CServerManager::SM_GetMultiModuEnableState@6193] end

2026-05-26 15:40:25.984 INFO  [2144] [CServerManager::SM_GetUIParamValueByObject@14146] start.

2026-05-26 15:40:25.984 INFO  [2144] [CServerManager::SM_GetUIParamValueByObject@14214] SDK: DataType size:[1]

2026-05-26 15:40:25.984 INFO  [2144] [CServerManager::SM_GetUIParamValueByObject@14291] end.

2026-05-26 15:40:26.016 INFO  [2144] [CServerManager::SM_GetProcedureShieldGlobalCtrl@5922] start

2026-05-26 15:40:26.016 INFO  [2144] [CServerManager::SM_GetProcedureShieldGlobalCtrl@5999] end

2026-05-26 15:40:26.024 INFO  [2144] [CServerManager::SM_SetReportModuleResult@14762] start.

2026-05-26 15:40:26.024 INFO  [2144] [CServerManager::SM_SetReportModuleResult@14839] end.

2026-05-26 15:40:26.036 INFO  [2144] [CServerManager::SM_GetFirstLayerModuleTree@14297] start.

2026-05-26 15:40:26.036 INFO  [2144] [CServerManager::SM_GetFirstLayerModuleTree@14416] end.

2026-05-26 15:40:26.054 INFO  [2144] [CClientManager::CM_GetModuInputIOInfo@8473] begin.

2026-05-26 15:40:26.054 INFO  [2144] [CClientManager::CM_GetModuInputIOInfo@8515] new end

2026-05-26 15:40:26.054 INFO  [2144] [CClientManager::CM_GetModuInputIOInfo@8580] SM_DynamicGetBinaryData start.

2026-05-26 15:40:26.054 INFO  [2144] [CServerManager::SM_DynamicGetBinaryData@4583] start

2026-05-26 15:40:26.056 INFO  [2144] [CServerManager::SM_DynamicGetBinaryData@4642] SDK: SM_GetBinaryData nRecvBufLen: [521]

2026-05-26 15:40:26.056 INFO  [2144] [CServerManager::SM_DynamicGetBinaryData@4762] end

2026-05-26 15:40:26.056 INFO  [2144] [CClientManager::CM_GetModuInputIOInfo@8598] SM_DynamicGetBinaryData BinaryLength = [521]

2026-05-26 15:40:26.056 INFO  [2144] [CClientManager::GetIoNum@8369] Start

2026-05-26 15:40:26.056 INFO  [2144] [CClientManager::CM_GetModuInputIOInfo@8641] GetIoNum:[4]

2026-05-26 15:40:26.056 INFO  [2144] [CClientManager::CM_GetModuInputIOInfo@8687] end.

2026-05-26 15:40:26.056 INFO  [2144] [CClientManager::CM_GetModuOutputIOInfo@8693] begin.

2026-05-26 15:40:26.056 INFO  [2144] [CClientManager::CM_GetModuOutputIOInfo@8801] SM_DynamicGetBinaryData start.

2026-05-26 15:40:26.056 INFO  [2144] [CServerManager::SM_DynamicGetBinaryData@4583] start

2026-05-26 15:40:26.056 INFO  [2144] [CServerManager::SM_DynamicGetBinaryData@4642] SDK: SM_GetBinaryData nRecvBufLen: [1996]

2026-05-26 15:40:26.056 INFO  [2144] [CServerManager::SM_DynamicGetBinaryData@4762] end

2026-05-26 15:40:26.056 INFO  [2144] [CClientManager::CM_GetModuOutputIOInfo@8820] SM_DynamicGetBinaryData BinaryLength = [1996]

2026-05-26 15:40:26.056 INFO  [2144] [CClientManager::GetIoNum@8369] Start

2026-05-26 15:40:26.056 INFO  [2144] [CClientManager::CM_GetModuOutputIOInfo@8862] GetIoNum:[7]

2026-05-26 15:40:26.056 INFO  [2144] [CClientManager::CM_GetModuOutputIOInfo@8907] end.

2026-05-26 15:40:26.076 INFO  [2144] [CClientManager::CM_GetModuInputIOInfo@8473] begin.

2026-05-26 15:40:26.076 INFO  [2144] [CClientManager::CM_GetModuInputIOInfo@8515] new end

2026-05-26 15:40:26.076 INFO  [2144] [CClientManager::CM_GetModuInputIOInfo@8580] SM_DynamicGetBinaryData start.

2026-05-26 15:40:26.076 INFO  [2144] [CServerManager::SM_DynamicGetBinaryData@4583] start

2026-05-26 15:40:26.076 INFO  [2144] [CServerManager::SM_DynamicGetBinaryData@4642] SDK: SM_GetBinaryData nRecvBufLen: [4752]

2026-05-26 15:40:26.076 INFO  [2144] [CServerManager::SM_DynamicGetBinaryData@4762] end

2026-05-26 15:40:26.076 INFO  [2144] [CClientManager::CM_GetModuInputIOInfo@8598] SM_DynamicGetBinaryData BinaryLength = [4752]

2026-05-26 15:40:26.076 INFO  [2144] [CClientManager::GetIoNum@8369] Start

2026-05-26 15:40:26.076 INFO  [2144] [CClientManager::CM_GetModuInputIOInfo@8641] GetIoNum:[8]

2026-05-26 15:40:26.076 INFO  [2144] [CClientManager::CM_GetModuInputIOInfo@8687] end.

2026-05-26 15:40:26.076 INFO  [2144] [CClientManager::CM_GetModuOutputIOInfo@8693] begin.

2026-05-26 15:40:26.076 INFO  [2144] [CClientManager::CM_GetModuOutputIOInfo@8801] SM_DynamicGetBinaryData start.

2026-05-26 15:40:26.076 INFO  [2144] [CServerManager::SM_DynamicGetBinaryData@4583] start

2026-05-26 15:40:26.078 INFO  [2144] [CServerManager::SM_DynamicGetBinaryData@4642] SDK: SM_GetBinaryData nRecvBufLen: [1222]

2026-05-26 15:40:26.078 INFO  [2144] [CServerManager::SM_DynamicGetBinaryData@4762] end

2026-05-26 15:40:26.078 INFO  [2144] [CClientManager::CM_GetModuOutputIOInfo@8820] SM_DynamicGetBinaryData BinaryLength = [1222]

2026-05-26 15:40:26.078 INFO  [2144] [CClientManager::GetIoNum@8369] Start

2026-05-26 15:40:26.078 INFO  [2144] [CClientManager::CM_GetModuOutputIOInfo@8862] GetIoNum:[6]

2026-05-26 15:40:26.078 INFO  [2144] [CClientManager::CM_GetModuOutputIOInfo@8907] end.

2026-05-26 15:40:26.098 INFO  [2144] [CClientManager::CM_GetModuInputIOInfo@8473] begin.

2026-05-26 15:40:26.098 INFO  [2144] [CClientManager::CM_GetModuInputIOInfo@8515] new end

2026-05-26 15:40:26.098 INFO  [2144] [CClientManager::CM_GetModuInputIOInfo@8580] SM_DynamicGetBinaryData start.

2026-05-26 15:40:26.098 INFO  [2144] [CServerManager::SM_DynamicGetBinaryData@4583] start

2026-05-26 15:40:26.100 INFO  [2144] [CServerManager::SM_DynamicGetBinaryData@4642] SDK: SM_GetBinaryData nRecvBufLen: [2990]

2026-05-26 15:40:26.100 INFO  [2144] [CServerManager::SM_DynamicGetBinaryData@4762] end

2026-05-26 15:40:26.100 INFO  [2144] [CClientManager::CM_GetModuInputIOInfo@8598] SM_DynamicGetBinaryData BinaryLength = [2990]

2026-05-26 15:40:26.100 INFO  [2144] [CClientManager::GetIoNum@8369] Start

2026-05-26 15:40:26.100 INFO  [2144] [CClientManager::CM_GetModuInputIOInfo@8641] GetIoNum:[4]

2026-05-26 15:40:26.100 INFO  [2144] [CClientManager::CM_GetModuInputIOInfo@8687] end.

2026-05-26 15:40:26.102 INFO  [2144] [CClientManager::CM_GetModuOutputIOInfo@8693] begin.

2026-05-26 15:40:26.102 INFO  [2144] [CClientManager::CM_GetModuOutputIOInfo@8801] SM_DynamicGetBinaryData start.

2026-05-26 15:40:26.102 INFO  [2144] [CServerManager::SM_DynamicGetBinaryData@4583] start

2026-05-26 15:40:26.102 INFO  [2144] [CServerManager::SM_DynamicGetBinaryData@4642] SDK: SM_GetBinaryData nRecvBufLen: [5465]

2026-05-26 15:40:26.102 INFO  [2144] [CServerManager::SM_DynamicGetBinaryData@4762] end

2026-05-26 15:40:26.102 INFO  [2144] [CClientManager::CM_GetModuOutputIOInfo@8820] SM_DynamicGetBinaryData BinaryLength = [5465]

2026-05-26 15:40:26.102 INFO  [2144] [CClientManager::GetIoNum@8369] Start

2026-05-26 15:40:26.102 INFO  [2144] [CClientManager::CM_GetModuOutputIOInfo@8862] GetIoNum:[15]

2026-05-26 15:40:26.102 INFO  [2144] [CClientManager::CM_GetModuOutputIOInfo@8907] end.

2026-05-26 15:40:26.114 INFO  [2144] [CClientManager::CM_GetModuInputIOInfo@8473] begin.

2026-05-26 15:40:26.114 INFO  [2144] [CClientManager::CM_GetModuInputIOInfo@8515] new end

2026-05-26 15:40:26.114 INFO  [2144] [CClientManager::CM_GetModuInputIOInfo@8580] SM_DynamicGetBinaryData start.

2026-05-26 15:40:26.114 INFO  [2144] [CServerManager::SM_DynamicGetBinaryData@4583] start

2026-05-26 15:40:26.116 INFO  [2144] [CServerManager::SM_DynamicGetBinaryData@4642] SDK: SM_GetBinaryData nRecvBufLen: [3830]

2026-05-26 15:40:26.116 INFO  [2144] [CServerManager::SM_DynamicGetBinaryData@4762] end

2026-05-26 15:40:26.116 INFO  [2144] [CClientManager::CM_GetModuInputIOInfo@8598] SM_DynamicGetBinaryData BinaryLength = [3830]

2026-05-26 15:40:26.116 INFO  [2144] [CClientManager::GetIoNum@8369] Start

2026-05-26 15:40:26.116 INFO  [2144] [CClientManager::CM_GetModuInputIOInfo@8641] GetIoNum:[5]

2026-05-26 15:40:26.116 INFO  [2144] [CClientManager::CM_GetModuInputIOInfo@8687] end.

2026-05-26 15:40:26.116 INFO  [2144] [CClientManager::CM_GetModuOutputIOInfo@8693] begin.

2026-05-26 15:40:26.116 INFO  [2144] [CClientManager::CM_GetModuOutputIOInfo@8801] SM_DynamicGetBinaryData start.

2026-05-26 15:40:26.116 INFO  [2144] [CServerManager::SM_DynamicGetBinaryData@4583] start

2026-05-26 15:40:26.118 INFO  [2144] [CServerManager::SM_DynamicGetBinaryData@4642] SDK: SM_GetBinaryData nRecvBufLen: [7376]

2026-05-26 15:40:26.118 INFO  [2144] [CServerManager::SM_DynamicGetBinaryData@4762] end

2026-05-26 15:40:26.118 INFO  [2144] [CClientManager::CM_GetModuOutputIOInfo@8820] SM_DynamicGetBinaryData BinaryLength = [7376]

2026-05-26 15:40:26.118 INFO  [2144] [CClientManager::GetIoNum@8369] Start

2026-05-26 15:40:26.118 INFO  [2144] [CClientManager::CM_GetModuOutputIOInfo@8862] GetIoNum:[9]

2026-05-26 15:40:26.118 INFO  [2144] [CClientManager::CM_GetModuOutputIOInfo@8907] end.

2026-05-26 15:40:26.136 INFO  [2144] [CClientManager::CM_GetModuInputIOInfo@8473] begin.

2026-05-26 15:40:26.136 INFO  [2144] [CClientManager::CM_GetModuInputIOInfo@8515] new end

2026-05-26 15:40:26.136 INFO  [2144] [CClientManager::CM_GetModuInputIOInfo@8580] SM_DynamicGetBinaryData start.

2026-05-26 15:40:26.136 INFO  [2144] [CServerManager::SM_DynamicGetBinaryData@4583] start

2026-05-26 15:40:26.138 INFO  [2144] [CServerManager::SM_DynamicGetBinaryData@4642] SDK: SM_GetBinaryData nRecvBufLen: [3223]

2026-05-26 15:40:26.138 INFO  [2144] [CServerManager::SM_DynamicGetBinaryData@4762] end

2026-05-26 15:40:26.138 INFO  [2144] [CClientManager::CM_GetModuInputIOInfo@8598] SM_DynamicGetBinaryData BinaryLength = [3223]

2026-05-26 15:40:26.138 INFO  [2144] [CClientManager::GetIoNum@8369] Start

2026-05-26 15:40:26.138 INFO  [2144] [CClientManager::CM_GetModuInputIOInfo@8641] GetIoNum:[3]

2026-05-26 15:40:26.138 INFO  [2144] [CClientManager::CM_GetModuInputIOInfo@8687] end.

2026-05-26 15:40:26.138 INFO  [2144] [CClientManager::CM_GetModuOutputIOInfo@8693] begin.

2026-05-26 15:40:26.138 INFO  [2144] [CClientManager::CM_GetModuOutputIOInfo@8801] SM_DynamicGetBinaryData start.

2026-05-26 15:40:26.138 INFO  [2144] [CServerManager::SM_DynamicGetBinaryData@4583] start

2026-05-26 15:40:26.140 INFO  [2144] [CServerManager::SM_DynamicGetBinaryData@4642] SDK: SM_GetBinaryData nRecvBufLen: [4804]

2026-05-26 15:40:26.140 INFO  [2144] [CServerManager::SM_DynamicGetBinaryData@4762] end

2026-05-26 15:40:26.140 INFO  [2144] [CClientManager::CM_GetModuOutputIOInfo@8820] SM_DynamicGetBinaryData BinaryLength = [4804]

2026-05-26 15:40:26.140 INFO  [2144] [CClientManager::GetIoNum@8369] Start

2026-05-26 15:40:26.140 INFO  [2144] [CClientManager::CM_GetModuOutputIOInfo@8862] GetIoNum:[15]

2026-05-26 15:40:26.140 INFO  [2144] [CClientManager::CM_GetModuOutputIOInfo@8907] end.

2026-05-26 15:40:26.166 INFO  [2144] [CClientManager::CM_GetModuInputIOInfo@8473] begin.

2026-05-26 15:40:26.166 INFO  [2144] [CClientManager::CM_GetModuInputIOInfo@8515] new end

2026-05-26 15:40:26.166 INFO  [2144] [CClientManager::CM_GetModuInputIOInfo@8580] SM_DynamicGetBinaryData start.

2026-05-26 15:40:26.166 INFO  [2144] [CServerManager::SM_DynamicGetBinaryData@4583] start

2026-05-26 15:40:26.166 INFO  [2144] [CServerManager::SM_DynamicGetBinaryData@4642] SDK: SM_GetBinaryData nRecvBufLen: [787]

2026-05-26 15:40:26.166 INFO  [2144] [CServerManager::SM_DynamicGetBinaryData@4762] end

2026-05-26 15:40:26.166 INFO  [2144] [CClientManager::CM_GetModuInputIOInfo@8598] SM_DynamicGetBinaryData BinaryLength = [787]

2026-05-26 15:40:26.166 INFO  [2144] [CClientManager::GetIoNum@8369] Start

2026-05-26 15:40:26.166 INFO  [2144] [CClientManager::CM_GetModuInputIOInfo@8641] GetIoNum:[2]

2026-05-26 15:40:26.166 INFO  [2144] [CClientManager::CM_GetModuInputIOInfo@8687] end.

2026-05-26 15:40:26.168 INFO  [2144] [CClientManager::CM_GetModuOutputIOInfo@8693] begin.

2026-05-26 15:40:26.168 INFO  [2144] [CClientManager::CM_GetModuOutputIOInfo@8801] SM_DynamicGetBinaryData start.

2026-05-26 15:40:26.168 INFO  [2144] [CServerManager::SM_DynamicGetBinaryData@4583] start

2026-05-26 15:40:26.168 INFO  [2144] [CServerManager::SM_DynamicGetBinaryData@4642] SDK: SM_GetBinaryData nRecvBufLen: [2371]

2026-05-26 15:40:26.168 INFO  [2144] [CServerManager::SM_DynamicGetBinaryData@4762] end

2026-05-26 15:40:26.168 INFO  [2144] [CClientManager::CM_GetModuOutputIOInfo@8820] SM_DynamicGetBinaryData BinaryLength = [2371]

2026-05-26 15:40:26.168 INFO  [2144] [CClientManager::GetIoNum@8369] Start

2026-05-26 15:40:26.168 INFO  [2144] [CClientManager::CM_GetModuOutputIOInfo@8862] GetIoNum:[7]

2026-05-26 15:40:26.168 INFO  [2144] [CClientManager::CM_GetModuOutputIOInfo@8907] end.

2026-05-26 15:40:26.198 INFO  [2144] [CClientManager::CM_GetModuInputIOInfo@8473] begin.

2026-05-26 15:40:26.198 INFO  [2144] [CClientManager::CM_GetModuInputIOInfo@8515] new end

2026-05-26 15:40:26.198 INFO  [2144] [CClientManager::CM_GetModuInputIOInfo@8580] SM_DynamicGetBinaryData start.

2026-05-26 15:40:26.198 INFO  [2144] [CServerManager::SM_DynamicGetBinaryData@4583] start

2026-05-26 15:40:26.198 INFO  [2144] [CServerManager::SM_DynamicGetBinaryData@4642] SDK: SM_GetBinaryData nRecvBufLen: [491]

2026-05-26 15:40:26.198 INFO  [2144] [CServerManager::SM_DynamicGetBinaryData@4762] end

2026-05-26 15:40:26.198 INFO  [2144] [CClientManager::CM_GetModuInputIOInfo@8598] SM_DynamicGetBinaryData BinaryLength = [491]

2026-05-26 15:40:26.198 INFO  [2144] [CClientManager::GetIoNum@8369] Start

2026-05-26 15:40:26.198 INFO  [2144] [CClientManager::CM_GetModuInputIOInfo@8641] GetIoNum:[1]

2026-05-26 15:40:26.198 INFO  [2144] [CClientManager::CM_GetModuInputIOInfo@8687] end.

2026-05-26 15:40:26.198 INFO  [2144] [CClientManager::CM_GetModuOutputIOInfo@8693] begin.

2026-05-26 15:40:26.198 INFO  [2144] [CClientManager::CM_GetModuOutputIOInfo@8801] SM_DynamicGetBinaryData start.

2026-05-26 15:40:26.198 INFO  [2144] [CServerManager::SM_DynamicGetBinaryData@4583] start

2026-05-26 15:40:26.198 INFO  [2144] [CServerManager::SM_DynamicGetBinaryData@4642] SDK: SM_GetBinaryData nRecvBufLen: [264]

2026-05-26 15:40:26.198 INFO  [2144] [CServerManager::SM_DynamicGetBinaryData@4762] end

2026-05-26 15:40:26.198 INFO  [2144] [CClientManager::CM_GetModuOutputIOInfo@8820] SM_DynamicGetBinaryData BinaryLength = [264]

2026-05-26 15:40:26.198 INFO  [2144] [CClientManager::GetIoNum@8369] Start

2026-05-26 15:40:26.198 INFO  [2144] [CClientManager::CM_GetModuOutputIOInfo@8862] GetIoNum:[2]

2026-05-26 15:40:26.198 INFO  [2144] [CClientManager::CM_GetModuOutputIOInfo@8907] end.

2026-05-26 15:40:26.200 INFO  [2144] [CServerManager::SM_QueryModuleRunningState@15055] start.

2026-05-26 15:40:26.200 INFO  [2144] [CServerManager::SM_QueryModuleRunningState@15065] SDK: SM_QueryModuleRunningState nModuleNum:[7]

2026-05-26 15:40:26.202 INFO  [2144] [CServerManager::SM_QueryModuleRunningState@15111] SDK: SM_QueryModuleRunningState nRecvBufLen:[2043]

2026-05-26 15:40:26.202 INFO  [2144] [CServerManager::SM_QueryModuleRunningState@15173] end.

2026-05-26 15:40:26.202 INFO  [2144] [CServerManager::SM_FuzzyQueryUIParamValue@17802] start.

2026-05-26 15:40:26.204 INFO  [2144] [CServerManager::SM_FuzzyQueryUIParamValue@17869] SDK: FuzzyQueryUIParamValue name:[SourceIndex], nRecvBufLen:[786]

2026-05-26 15:40:26.204 INFO  [2144] [CServerManager::SM_FuzzyQueryUIParamValue@17952] end.

2026-05-26 15:40:26.204 INFO  [2144] [CServerManager::SM_FuzzyQueryUIParamValue@17802] start.

2026-05-26 15:40:26.204 INFO  [2144] [CServerManager::SM_FuzzyQueryUIParamValue@17869] SDK: FuzzyQueryUIParamValue name:[TargetIndex], nRecvBufLen:[786]

2026-05-26 15:40:26.204 INFO  [2144] [CServerManager::SM_FuzzyQueryUIParamValue@17952] end.

2026-05-26 15:40:26.204 INFO  [2144] [CServerManager::SM_FuzzyQueryUIParamValue@17802] start.

2026-05-26 15:40:26.204 INFO  [2144] [CServerManager::SM_FuzzyQueryUIParamValue@17869] SDK: FuzzyQueryUIParamValue name:[Position], nRecvBufLen:[271]

2026-05-26 15:40:26.204 INFO  [2144] [CServerManager::SM_FuzzyQueryUIParamValue@17952] end.

2026-05-26 15:40:26.206 INFO  [2144] [CServerManager::SM_GetMultiModuEnableState@6081] start

2026-05-26 15:40:26.206 INFO  [2144] [CServerManager::SM_GetMultiModuEnableState@6193] end

2026-05-26 15:40:26.222 INFO  [2144] [CServerManager::SM_GetMultiModuleSubscribe@17433] start.

2026-05-26 15:40:26.224 INFO  [2144] [CServerManager::SM_GetMultiModuleSubscribe@17592] end.

2026-05-26 15:40:58.200 INFO  [2144] [CServerManager::SM_ExecuteOnce_V30@4806] start. ProcessID = [10000]

2026-05-26 15:40:58.201 INFO  [2144] [CServerManager::SM_ExecuteOnce_V30@4847] end

2026-05-26 15:40:58.205 INFO  [22624] [CServerManager::ParseOutputResForSP@31268] SDK: Callback work state info. ProcessID:[10000] , WorkStatus:[1], BatchID:[1]

2026-05-26 15:40:58.248 INFO  [22624] [CServerManager::ParseOutputResForSP@31456] SDK: Callback work state info. ProcessID:[10000] , WorkStatus:[0], BatchID:[1], ProcessTime:[42.920601]

2026-05-26 15:40:58.256 INFO  [22624] [CServerManager::ParseOutputResForSP@31494] SDK: Callback procedure stop execute info end. nProcessID:[10000]; nStatus:[0]; m_nStopIndex:[36]

2026-05-26 15:40:59.949 INFO  [2144] [CServerManager::SM_ExecuteOnce_V30@4806] start. ProcessID = [10000]

2026-05-26 15:40:59.950 INFO  [2144] [CServerManager::SM_ExecuteOnce_V30@4847] end

2026-05-26 15:40:59.954 INFO  [22624] [CServerManager::ParseOutputResForSP@31268] SDK: Callback work state info. ProcessID:[10000] , WorkStatus:[1], BatchID:[2]

2026-05-26 15:40:59.985 INFO  [22624] [CServerManager::ParseOutputResForSP@31456] SDK: Callback work state info. ProcessID:[10000] , WorkStatus:[0], BatchID:[2], ProcessTime:[31.288401]

2026-05-26 15:40:59.991 INFO  [22624] [CServerManager::ParseOutputResForSP@31494] SDK: Callback procedure stop execute info end. nProcessID:[10000]; nStatus:[0]; m_nStopIndex:[37]

2026-05-26 15:41:01.317 INFO  [2144] [CServerManager::SM_ExecuteOnce_V30@4806] start. ProcessID = [10000]

2026-05-26 15:41:01.318 INFO  [2144] [CServerManager::SM_ExecuteOnce_V30@4847] end

2026-05-26 15:41:01.318 INFO  [22624] [CServerManager::ParseOutputResForSP@31268] SDK: Callback work state info. ProcessID:[10000] , WorkStatus:[1], BatchID:[3]

2026-05-26 15:41:01.358 INFO  [22624] [CServerManager::ParseOutputResForSP@31456] SDK: Callback work state info. ProcessID:[10000] , WorkStatus:[0], BatchID:[3], ProcessTime:[38.693501]

2026-05-26 15:41:01.364 INFO  [22624] [CServerManager::ParseOutputResForSP@31494] SDK: Callback procedure stop execute info end. nProcessID:[10000]; nStatus:[0]; m_nStopIndex:[38]

2026-05-26 15:41:02.053 INFO  [2144] [CServerManager::SM_ExecuteOnce_V30@4806] start. ProcessID = [10000]

2026-05-26 15:41:02.054 INFO  [2144] [CServerManager::SM_ExecuteOnce_V30@4847] end

2026-05-26 15:41:02.054 INFO  [22624] [CServerManager::ParseOutputResForSP@31268] SDK: Callback work state info. ProcessID:[10000] , WorkStatus:[1], BatchID:[4]

2026-05-26 15:41:02.086 INFO  [22624] [CServerManager::ParseOutputResForSP@31456] SDK: Callback work state info. ProcessID:[10000] , WorkStatus:[0], BatchID:[4], ProcessTime:[28.802299]

2026-05-26 15:41:02.091 INFO  [22624] [CServerManager::ParseOutputResForSP@31494] SDK: Callback procedure stop execute info end. nProcessID:[10000]; nStatus:[0]; m_nStopIndex:[39]

2026-05-26 15:41:02.613 INFO  [2144] [CServerManager::SM_ExecuteOnce_V30@4806] start. ProcessID = [10000]

2026-05-26 15:41:02.616 INFO  [2144] [CServerManager::SM_ExecuteOnce_V30@4847] end

2026-05-26 15:41:02.616 INFO  [22624] [CServerManager::ParseOutputResForSP@31268] SDK: Callback work state info. ProcessID:[10000] , WorkStatus:[1], BatchID:[5]

2026-05-26 15:41:02.648 INFO  [22624] [CServerManager::ParseOutputResForSP@31456] SDK: Callback work state info. ProcessID:[10000] , WorkStatus:[0], BatchID:[5], ProcessTime:[29.963301]

2026-05-26 15:41:02.654 INFO  [22624] [CServerManager::ParseOutputResForSP@31494] SDK: Callback procedure stop execute info end. nProcessID:[10000]; nStatus:[0]; m_nStopIndex:[40]

2026-05-26 15:41:03.109 INFO  [2144] [CServerManager::SM_ExecuteOnce_V30@4806] start. ProcessID = [10000]

2026-05-26 15:41:03.110 INFO  [2144] [CServerManager::SM_ExecuteOnce_V30@4847] end

2026-05-26 15:41:03.110 INFO  [22624] [CServerManager::ParseOutputResForSP@31268] SDK: Callback work state info. ProcessID:[10000] , WorkStatus:[1], BatchID:[6]

2026-05-26 15:41:03.140 INFO  [22624] [CServerManager::ParseOutputResForSP@31456] SDK: Callback work state info. ProcessID:[10000] , WorkStatus:[0], BatchID:[6], ProcessTime:[29.132999]

2026-05-26 15:41:03.146 INFO  [22624] [CServerManager::ParseOutputResForSP@31494] SDK: Callback procedure stop execute info end. nProcessID:[10000]; nStatus:[0]; m_nStopIndex:[41]

2026-05-26 15:41:03.365 INFO  [2144] [CServerManager::SM_ExecuteOnce_V30@4806] start. ProcessID = [10000]

2026-05-26 15:41:03.366 INFO  [2144] [CServerManager::SM_ExecuteOnce_V30@4847] end

2026-05-26 15:41:03.366 INFO  [22624] [CServerManager::ParseOutputResForSP@31268] SDK: Callback work state info. ProcessID:[10000] , WorkStatus:[1], BatchID:[7]

2026-05-26 15:41:03.404 INFO  [22624] [CServerManager::ParseOutputResForSP@31456] SDK: Callback work state info. ProcessID:[10000] , WorkStatus:[0], BatchID:[7], ProcessTime:[36.197899]

2026-05-26 15:41:03.412 INFO  [22624] [CServerManager::ParseOutputResForSP@31494] SDK: Callback procedure stop execute info end. nProcessID:[10000]; nStatus:[0]; m_nStopIndex:[42]

2026-05-26 15:41:03.845 INFO  [2144] [CServerManager::SM_ExecuteOnce_V30@4806] start. ProcessID = [10000]

2026-05-26 15:41:03.846 INFO  [2144] [CServerManager::SM_ExecuteOnce_V30@4847] end

2026-05-26 15:41:03.846 INFO  [22624] [CServerManager::ParseOutputResForSP@31268] SDK: Callback work state info. ProcessID:[10000] , WorkStatus:[1], BatchID:[8]

2026-05-26 15:41:03.886 INFO  [22624] [CServerManager::ParseOutputResForSP@31456] SDK: Callback work state info. ProcessID:[10000] , WorkStatus:[0], BatchID:[8], ProcessTime:[38.866501]

2026-05-26 15:41:03.892 INFO  [22624] [CServerManager::ParseOutputResForSP@31494] SDK: Callback procedure stop execute info end. nProcessID:[10000]; nStatus:[0]; m_nStopIndex:[43]

2026-05-26 15:41:04.077 INFO  [2144] [CServerManager::SM_ExecuteOnce_V30@4806] start. ProcessID = [10000]

2026-05-26 15:41:04.078 INFO  [2144] [CServerManager::SM_ExecuteOnce_V30@4847] end

2026-05-26 15:41:04.079 INFO  [22624] [CServerManager::ParseOutputResForSP@31268] SDK: Callback work state info. ProcessID:[10000] , WorkStatus:[1], BatchID:[9]

2026-05-26 15:41:04.108 INFO  [22624] [CServerManager::ParseOutputResForSP@31456] SDK: Callback work state info. ProcessID:[10000] , WorkStatus:[0], BatchID:[9], ProcessTime:[29.722300]

2026-05-26 15:41:04.114 INFO  [22624] [CServerManager::ParseOutputResForSP@31494] SDK: Callback procedure stop execute info end. nProcessID:[10000]; nStatus:[0]; m_nStopIndex:[44]

2026-05-26 15:41:04.317 INFO  [2144] [CServerManager::SM_ExecuteOnce_V30@4806] start. ProcessID = [10000]

2026-05-26 15:41:04.318 INFO  [2144] [CServerManager::SM_ExecuteOnce_V30@4847] end

2026-05-26 15:41:04.318 INFO  [22624] [CServerManager::ParseOutputResForSP@31268] SDK: Callback work state info. ProcessID:[10000] , WorkStatus:[1], BatchID:[10]

2026-05-26 15:41:04.357 INFO  [22624] [CServerManager::ParseOutputResForSP@31456] SDK: Callback work state info. ProcessID:[10000] , WorkStatus:[0], BatchID:[10], ProcessTime:[36.917801]

2026-05-26 15:41:04.363 INFO  [22624] [CServerManager::ParseOutputResForSP@31494] SDK: Callback procedure stop execute info end. nProcessID:[10000]; nStatus:[0]; m_nStopIndex:[45]

2026-05-26 15:41:04.541 INFO  [2144] [CServerManager::SM_ExecuteOnce_V30@4806] start. ProcessID = [10000]

2026-05-26 15:41:04.541 INFO  [2144] [CServerManager::SM_ExecuteOnce_V30@4847] end

2026-05-26 15:41:04.542 INFO  [22624] [CServerManager::ParseOutputResForSP@31268] SDK: Callback work state info. ProcessID:[10000] , WorkStatus:[1], BatchID:[11]

2026-05-26 15:41:04.582 INFO  [22624] [CServerManager::ParseOutputResForSP@31456] SDK: Callback work state info. ProcessID:[10000] , WorkStatus:[0], BatchID:[11], ProcessTime:[30.185900]

2026-05-26 15:41:04.588 INFO  [22624] [CServerManager::ParseOutputResForSP@31494] SDK: Callback procedure stop execute info end. nProcessID:[10000]; nStatus:[0]; m_nStopIndex:[46]

2026-05-26 15:41:04.765 INFO  [2144] [CServerManager::SM_ExecuteOnce_V30@4806] start. ProcessID = [10000]

2026-05-26 15:41:04.766 INFO  [2144] [CServerManager::SM_ExecuteOnce_V30@4847] end

2026-05-26 15:41:04.766 INFO  [22624] [CServerManager::ParseOutputResForSP@31268] SDK: Callback work state info. ProcessID:[10000] , WorkStatus:[1], BatchID:[12]

2026-05-26 15:41:04.803 INFO  [22624] [CServerManager::ParseOutputResForSP@31456] SDK: Callback work state info. ProcessID:[10000] , WorkStatus:[0], BatchID:[12], ProcessTime:[31.083300]

2026-05-26 15:41:04.809 INFO  [22624] [CServerManager::ParseOutputResForSP@31494] SDK: Callback procedure stop execute info end. nProcessID:[10000]; nStatus:[0]; m_nStopIndex:[47]

2026-05-26 15:41:05.021 INFO  [2144] [CServerManager::SM_ExecuteOnce_V30@4806] start. ProcessID = [10000]

2026-05-26 15:41:05.022 INFO  [2144] [CServerManager::SM_ExecuteOnce_V30@4847] end

2026-05-26 15:41:05.022 INFO  [22624] [CServerManager::ParseOutputResForSP@31268] SDK: Callback work state info. ProcessID:[10000] , WorkStatus:[1], BatchID:[13]

2026-05-26 15:41:05.056 INFO  [22624] [CServerManager::ParseOutputResForSP@31456] SDK: Callback work state info. ProcessID:[10000] , WorkStatus:[0], BatchID:[13], ProcessTime:[31.507099]

2026-05-26 15:41:05.062 INFO  [22624] [CServerManager::ParseOutputResForSP@31494] SDK: Callback procedure stop execute info end. nProcessID:[10000]; nStatus:[0]; m_nStopIndex:[48]

2026-05-26 15:41:05.333 INFO  [2144] [CServerManager::SM_ExecuteOnce_V30@4806] start. ProcessID = [10000]

2026-05-26 15:41:05.334 INFO  [2144] [CServerManager::SM_ExecuteOnce_V30@4847] end

2026-05-26 15:41:05.334 INFO  [22624] [CServerManager::ParseOutputResForSP@31268] SDK: Callback work state info. ProcessID:[10000] , WorkStatus:[1], BatchID:[14]

2026-05-26 15:41:05.367 INFO  [22624] [CServerManager::ParseOutputResForSP@31456] SDK: Callback work state info. ProcessID:[10000] , WorkStatus:[0], BatchID:[14], ProcessTime:[31.532600]

2026-05-26 15:41:05.373 INFO  [22624] [CServerManager::ParseOutputResForSP@31494] SDK: Callback procedure stop execute info end. nProcessID:[10000]; nStatus:[0]; m_nStopIndex:[49]

2026-05-26 15:41:05.629 INFO  [2144] [CServerManager::SM_ExecuteOnce_V30@4806] start. ProcessID = [10000]

2026-05-26 15:41:05.630 INFO  [2144] [CServerManager::SM_ExecuteOnce_V30@4847] end

2026-05-26 15:41:05.630 INFO  [22624] [CServerManager::ParseOutputResForSP@31268] SDK: Callback work state info. ProcessID:[10000] , WorkStatus:[1], BatchID:[15]

2026-05-26 15:41:05.661 INFO  [22624] [CServerManager::ParseOutputResForSP@31456] SDK: Callback work state info. ProcessID:[10000] , WorkStatus:[0], BatchID:[15], ProcessTime:[28.888599]

2026-05-26 15:41:05.668 INFO  [22624] [CServerManager::ParseOutputResForSP@31494] SDK: Callback procedure stop execute info end. nProcessID:[10000]; nStatus:[0]; m_nStopIndex:[50]

2026-05-26 15:41:06.021 INFO  [2144] [CServerManager::SM_ExecuteOnce_V30@4806] start. ProcessID = [10000]

2026-05-26 15:41:06.022 INFO  [2144] [CServerManager::SM_ExecuteOnce_V30@4847] end

2026-05-26 15:41:06.022 INFO  [22624] [CServerManager::ParseOutputResForSP@31268] SDK: Callback work state info. ProcessID:[10000] , WorkStatus:[1], BatchID:[16]

2026-05-26 15:41:06.055 INFO  [22624] [CServerManager::ParseOutputResForSP@31456] SDK: Callback work state info. ProcessID:[10000] , WorkStatus:[0], BatchID:[16], ProcessTime:[30.419800]

2026-05-26 15:41:06.065 INFO  [22624] [CServerManager::ParseOutputResForSP@31494] SDK: Callback procedure stop execute info end. nProcessID:[10000]; nStatus:[0]; m_nStopIndex:[51]

2026-05-26 15:41:06.293 INFO  [2144] [CServerManager::SM_ExecuteOnce_V30@4806] start. ProcessID = [10000]

2026-05-26 15:41:06.294 INFO  [2144] [CServerManager::SM_ExecuteOnce_V30@4847] end

2026-05-26 15:41:06.304 INFO  [22624] [CServerManager::ParseOutputResForSP@31268] SDK: Callback work state info. ProcessID:[10000] , WorkStatus:[1], BatchID:[17]

2026-05-26 15:41:06.336 INFO  [22624] [CServerManager::ParseOutputResForSP@31456] SDK: Callback work state info. ProcessID:[10000] , WorkStatus:[0], BatchID:[17], ProcessTime:[32.232201]

2026-05-26 15:41:06.342 INFO  [22624] [CServerManager::ParseOutputResForSP@31494] SDK: Callback procedure stop execute info end. nProcessID:[10000]; nStatus:[0]; m_nStopIndex:[52]

2026-05-26 15:41:06.517 INFO  [2144] [CServerManager::SM_ExecuteOnce_V30@4806] start. ProcessID = [10000]

2026-05-26 15:41:06.520 INFO  [2144] [CServerManager::SM_ExecuteOnce_V30@4847] end

2026-05-26 15:41:06.520 INFO  [22624] [CServerManager::ParseOutputResForSP@31268] SDK: Callback work state info. ProcessID:[10000] , WorkStatus:[1], BatchID:[18]

2026-05-26 15:41:06.552 INFO  [22624] [CServerManager::ParseOutputResForSP@31456] SDK: Callback work state info. ProcessID:[10000] , WorkStatus:[0], BatchID:[18], ProcessTime:[30.936300]

2026-05-26 15:41:06.562 INFO  [22624] [CServerManager::ParseOutputResForSP@31494] SDK: Callback procedure stop execute info end. nProcessID:[10000]; nStatus:[0]; m_nStopIndex:[53]

2026-05-26 15:41:06.733 INFO  [2144] [CServerManager::SM_ExecuteOnce_V30@4806] start. ProcessID = [10000]

2026-05-26 15:41:06.734 INFO  [2144] [CServerManager::SM_ExecuteOnce_V30@4847] end

2026-05-26 15:41:06.734 INFO  [22624] [CServerManager::ParseOutputResForSP@31268] SDK: Callback work state info. ProcessID:[10000] , WorkStatus:[1], BatchID:[19]

2026-05-26 15:41:06.767 INFO  [22624] [CServerManager::ParseOutputResForSP@31456] SDK: Callback work state info. ProcessID:[10000] , WorkStatus:[0], BatchID:[19], ProcessTime:[31.825899]

2026-05-26 15:41:06.774 INFO  [22624] [CServerManager::ParseOutputResForSP@31494] SDK: Callback procedure stop execute info end. nProcessID:[10000]; nStatus:[0]; m_nStopIndex:[54]

2026-05-26 15:41:07.045 INFO  [2144] [CServerManager::SM_ExecuteOnce_V30@4806] start. ProcessID = [10000]

2026-05-26 15:41:07.046 INFO  [2144] [CServerManager::SM_ExecuteOnce_V30@4847] end

2026-05-26 15:41:07.046 INFO  [22624] [CServerManager::ParseOutputResForSP@31268] SDK: Callback work state info. ProcessID:[10000] , WorkStatus:[1], BatchID:[20]

2026-05-26 15:41:07.079 INFO  [22624] [CServerManager::ParseOutputResForSP@31456] SDK: Callback work state info. ProcessID:[10000] , WorkStatus:[0], BatchID:[20], ProcessTime:[31.054399]

2026-05-26 15:41:07.085 INFO  [22624] [CServerManager::ParseOutputResForSP@31494] SDK: Callback procedure stop execute info end. nProcessID:[10000]; nStatus:[0]; m_nStopIndex:[55]

2026-05-26 15:41:07.285 INFO  [2144] [CServerManager::SM_ExecuteOnce_V30@4806] start. ProcessID = [10000]

2026-05-26 15:41:07.286 INFO  [2144] [CServerManager::SM_ExecuteOnce_V30@4847] end

2026-05-26 15:41:07.287 INFO  [22624] [CServerManager::ParseOutputResForSP@31268] SDK: Callback work state info. ProcessID:[10000] , WorkStatus:[1], BatchID:[21]

2026-05-26 15:41:07.319 INFO  [22624] [CServerManager::ParseOutputResForSP@31456] SDK: Callback work state info. ProcessID:[10000] , WorkStatus:[0], BatchID:[21], ProcessTime:[31.295099]

2026-05-26 15:41:07.324 INFO  [22624] [CServerManager::ParseOutputResForSP@31494] SDK: Callback procedure stop execute info end. nProcessID:[10000]; nStatus:[0]; m_nStopIndex:[56]

2026-05-26 15:41:07.501 INFO  [2144] [CServerManager::SM_ExecuteOnce_V30@4806] start. ProcessID = [10000]

2026-05-26 15:41:07.502 INFO  [2144] [CServerManager::SM_ExecuteOnce_V30@4847] end

2026-05-26 15:41:07.502 INFO  [22624] [CServerManager::ParseOutputResForSP@31268] SDK: Callback work state info. ProcessID:[10000] , WorkStatus:[1], BatchID:[22]

2026-05-26 15:41:07.534 INFO  [22624] [CServerManager::ParseOutputResForSP@31456] SDK: Callback work state info. ProcessID:[10000] , WorkStatus:[0], BatchID:[22], ProcessTime:[30.585300]

2026-05-26 15:41:07.540 INFO  [22624] [CServerManager::ParseOutputResForSP@31494] SDK: Callback procedure stop execute info end. nProcessID:[10000]; nStatus:[0]; m_nStopIndex:[57]

2026-05-26 15:41:07.701 INFO  [2144] [CServerManager::SM_ExecuteOnce_V30@4806] start. ProcessID = [10000]

2026-05-26 15:41:07.702 INFO  [2144] [CServerManager::SM_ExecuteOnce_V30@4847] end

2026-05-26 15:41:07.702 INFO  [22624] [CServerManager::ParseOutputResForSP@31268] SDK: Callback work state info. ProcessID:[10000] , WorkStatus:[1], BatchID:[23]

2026-05-26 15:41:07.736 INFO  [22624] [CServerManager::ParseOutputResForSP@31456] SDK: Callback work state info. ProcessID:[10000] , WorkStatus:[0], BatchID:[23], ProcessTime:[33.107201]

2026-05-26 15:41:07.742 INFO  [22624] [CServerManager::ParseOutputResForSP@31494] SDK: Callback procedure stop execute info end. nProcessID:[10000]; nStatus:[0]; m_nStopIndex:[58]

2026-05-26 15:41:07.909 INFO  [2144] [CServerManager::SM_ExecuteOnce_V30@4806] start. ProcessID = [10000]

2026-05-26 15:41:07.910 INFO  [2144] [CServerManager::SM_ExecuteOnce_V30@4847] end

2026-05-26 15:41:07.910 INFO  [22624] [CServerManager::ParseOutputResForSP@31268] SDK: Callback work state info. ProcessID:[10000] , WorkStatus:[1], BatchID:[24]

2026-05-26 15:41:07.941 INFO  [22624] [CServerManager::ParseOutputResForSP@31456] SDK: Callback work state info. ProcessID:[10000] , WorkStatus:[0], BatchID:[24], ProcessTime:[29.684299]

2026-05-26 15:41:07.947 INFO  [22624] [CServerManager::ParseOutputResForSP@31494] SDK: Callback procedure stop execute info end. nProcessID:[10000]; nStatus:[0]; m_nStopIndex:[59]

2026-05-26 15:41:08.112 INFO  [2144] [CServerManager::SM_ExecuteOnce_V30@4806] start. ProcessID = [10000]

2026-05-26 15:41:08.113 INFO  [2144] [CServerManager::SM_ExecuteOnce_V30@4847] end

2026-05-26 15:41:08.113 INFO  [22624] [CServerManager::ParseOutputResForSP@31268] SDK: Callback work state info. ProcessID:[10000] , WorkStatus:[1], BatchID:[25]

2026-05-26 15:41:08.145 INFO  [22624] [CServerManager::ParseOutputResForSP@31456] SDK: Callback work state info. ProcessID:[10000] , WorkStatus:[0], BatchID:[25], ProcessTime:[30.051500]

2026-05-26 15:41:08.151 INFO  [22624] [CServerManager::ParseOutputResForSP@31494] SDK: Callback procedure stop execute info end. nProcessID:[10000]; nStatus:[0]; m_nStopIndex:[60]

2026-05-26 15:41:08.293 INFO  [2144] [CServerManager::SM_ExecuteOnce_V30@4806] start. ProcessID = [10000]

2026-05-26 15:41:08.294 INFO  [2144] [CServerManager::SM_ExecuteOnce_V30@4847] end

2026-05-26 15:41:08.294 INFO  [22624] [CServerManager::ParseOutputResForSP@31268] SDK: Callback work state info. ProcessID:[10000] , WorkStatus:[1], BatchID:[26]

2026-05-26 15:41:08.326 INFO  [22624] [CServerManager::ParseOutputResForSP@31456] SDK: Callback work state info. ProcessID:[10000] , WorkStatus:[0], BatchID:[26], ProcessTime:[29.462999]

2026-05-26 15:41:08.332 INFO  [22624] [CServerManager::ParseOutputResForSP@31494] SDK: Callback procedure stop execute info end. nProcessID:[10000]; nStatus:[0]; m_nStopIndex:[61]

2026-05-26 15:41:08.501 INFO  [2144] [CServerManager::SM_ExecuteOnce_V30@4806] start. ProcessID = [10000]

2026-05-26 15:41:08.502 INFO  [2144] [CServerManager::SM_ExecuteOnce_V30@4847] end

2026-05-26 15:41:08.502 INFO  [22624] [CServerManager::ParseOutputResForSP@31268] SDK: Callback work state info. ProcessID:[10000] , WorkStatus:[1], BatchID:[27]

2026-05-26 15:41:08.534 INFO  [22624] [CServerManager::ParseOutputResForSP@31456] SDK: Callback work state info. ProcessID:[10000] , WorkStatus:[0], BatchID:[27], ProcessTime:[30.541100]

2026-05-26 15:41:08.541 INFO  [22624] [CServerManager::ParseOutputResForSP@31494] SDK: Callback procedure stop execute info end. nProcessID:[10000]; nStatus:[0]; m_nStopIndex:[62]

2026-05-26 15:41:08.693 INFO  [2144] [CServerManager::SM_ExecuteOnce_V30@4806] start. ProcessID = [10000]

2026-05-26 15:41:08.694 INFO  [2144] [CServerManager::SM_ExecuteOnce_V30@4847] end

2026-05-26 15:41:08.694 INFO  [22624] [CServerManager::ParseOutputResForSP@31268] SDK: Callback work state info. ProcessID:[10000] , WorkStatus:[1], BatchID:[28]

2026-05-26 15:41:08.728 INFO  [22624] [CServerManager::ParseOutputResForSP@31456] SDK: Callback work state info. ProcessID:[10000] , WorkStatus:[0], BatchID:[28], ProcessTime:[32.213100]

2026-05-26 15:41:08.734 INFO  [22624] [CServerManager::ParseOutputResForSP@31494] SDK: Callback procedure stop execute info end. nProcessID:[10000]; nStatus:[0]; m_nStopIndex:[63]

2026-05-26 15:41:08.877 INFO  [2144] [CServerManager::SM_ExecuteOnce_V30@4806] start. ProcessID = [10000]

2026-05-26 15:41:08.878 INFO  [2144] [CServerManager::SM_ExecuteOnce_V30@4847] end

2026-05-26 15:41:08.878 INFO  [22624] [CServerManager::ParseOutputResForSP@31268] SDK: Callback work state info. ProcessID:[10000] , WorkStatus:[1], BatchID:[29]

2026-05-26 15:41:08.912 INFO  [22624] [CServerManager::ParseOutputResForSP@31456] SDK: Callback work state info. ProcessID:[10000] , WorkStatus:[0], BatchID:[29], ProcessTime:[32.048100]

2026-05-26 15:41:08.918 INFO  [22624] [CServerManager::ParseOutputResForSP@31494] SDK: Callback procedure stop execute info end. nProcessID:[10000]; nStatus:[0]; m_nStopIndex:[64]

2026-05-26 15:41:09.093 INFO  [2144] [CServerManager::SM_ExecuteOnce_V30@4806] start. ProcessID = [10000]

2026-05-26 15:41:09.094 INFO  [2144] [CServerManager::SM_ExecuteOnce_V30@4847] end

2026-05-26 15:41:09.094 INFO  [22624] [CServerManager::ParseOutputResForSP@31268] SDK: Callback work state info. ProcessID:[10000] , WorkStatus:[1], BatchID:[30]

2026-05-26 15:41:09.126 INFO  [22624] [CServerManager::ParseOutputResForSP@31456] SDK: Callback work state info. ProcessID:[10000] , WorkStatus:[0], BatchID:[30], ProcessTime:[30.988100]

2026-05-26 15:41:09.132 INFO  [22624] [CServerManager::ParseOutputResForSP@31494] SDK: Callback procedure stop execute info end. nProcessID:[10000]; nStatus:[0]; m_nStopIndex:[65]

2026-05-26 15:41:09.325 INFO  [2144] [CServerManager::SM_ExecuteOnce_V30@4806] start. ProcessID = [10000]

2026-05-26 15:41:09.326 INFO  [2144] [CServerManager::SM_ExecuteOnce_V30@4847] end

2026-05-26 15:41:09.326 INFO  [22624] [CServerManager::ParseOutputResForSP@31268] SDK: Callback work state info. ProcessID:[10000] , WorkStatus:[1], BatchID:[31]

2026-05-26 15:41:09.358 INFO  [22624] [CServerManager::ParseOutputResForSP@31456] SDK: Callback work state info. ProcessID:[10000] , WorkStatus:[0], BatchID:[31], ProcessTime:[30.715599]

2026-05-26 15:41:09.364 INFO  [22624] [CServerManager::ParseOutputResForSP@31494] SDK: Callback procedure stop execute info end. nProcessID:[10000]; nStatus:[0]; m_nStopIndex:[66]

2026-05-26 15:41:09.517 INFO  [2144] [CServerManager::SM_ExecuteOnce_V30@4806] start. ProcessID = [10000]

2026-05-26 15:41:09.518 INFO  [2144] [CServerManager::SM_ExecuteOnce_V30@4847] end

2026-05-26 15:41:09.518 INFO  [22624] [CServerManager::ParseOutputResForSP@31268] SDK: Callback work state info. ProcessID:[10000] , WorkStatus:[1], BatchID:[32]

2026-05-26 15:41:09.554 INFO  [22624] [CServerManager::ParseOutputResForSP@31456] SDK: Callback work state info. ProcessID:[10000] , WorkStatus:[0], BatchID:[32], ProcessTime:[31.777700]

2026-05-26 15:41:09.560 INFO  [22624] [CServerManager::ParseOutputResForSP@31494] SDK: Callback procedure stop execute info end. nProcessID:[10000]; nStatus:[0]; m_nStopIndex:[67]

2026-05-26 15:41:09.709 INFO  [2144] [CServerManager::SM_ExecuteOnce_V30@4806] start. ProcessID = [10000]

2026-05-26 15:41:09.710 INFO  [2144] [CServerManager::SM_ExecuteOnce_V30@4847] end

2026-05-26 15:41:09.710 INFO  [22624] [CServerManager::ParseOutputResForSP@31268] SDK: Callback work state info. ProcessID:[10000] , WorkStatus:[1], BatchID:[33]

2026-05-26 15:41:09.742 INFO  [22624] [CServerManager::ParseOutputResForSP@31456] SDK: Callback work state info. ProcessID:[10000] , WorkStatus:[0], BatchID:[33], ProcessTime:[31.082199]

2026-05-26 15:41:09.748 INFO  [22624] [CServerManager::ParseOutputResForSP@31494] SDK: Callback procedure stop execute info end. nProcessID:[10000]; nStatus:[0]; m_nStopIndex:[68]

2026-05-26 15:41:09.893 INFO  [2144] [CServerManager::SM_ExecuteOnce_V30@4806] start. ProcessID = [10000]

2026-05-26 15:41:09.894 INFO  [2144] [CServerManager::SM_ExecuteOnce_V30@4847] end

2026-05-26 15:41:09.894 INFO  [22624] [CServerManager::ParseOutputResForSP@31268] SDK: Callback work state info. ProcessID:[10000] , WorkStatus:[1], BatchID:[34]

2026-05-26 15:41:09.926 INFO  [22624] [CServerManager::ParseOutputResForSP@31456] SDK: Callback work state info. ProcessID:[10000] , WorkStatus:[0], BatchID:[34], ProcessTime:[30.298500]

2026-05-26 15:41:09.932 INFO  [22624] [CServerManager::ParseOutputResForSP@31494] SDK: Callback procedure stop execute info end. nProcessID:[10000]; nStatus:[0]; m_nStopIndex:[69]

2026-05-26 15:41:10.117 INFO  [2144] [CServerManager::SM_ExecuteOnce_V30@4806] start. ProcessID = [10000]

2026-05-26 15:41:10.118 INFO  [2144] [CServerManager::SM_ExecuteOnce_V30@4847] end

2026-05-26 15:41:10.118 INFO  [22624] [CServerManager::ParseOutputResForSP@31268] SDK: Callback work state info. ProcessID:[10000] , WorkStatus:[1], BatchID:[35]

2026-05-26 15:41:10.150 INFO  [22624] [CServerManager::ParseOutputResForSP@31456] SDK: Callback work state info. ProcessID:[10000] , WorkStatus:[0], BatchID:[35], ProcessTime:[30.445000]

2026-05-26 15:41:10.156 INFO  [22624] [CServerManager::ParseOutputResForSP@31494] SDK: Callback procedure stop execute info end. nProcessID:[10000]; nStatus:[0]; m_nStopIndex:[70]

2026-05-26 15:41:10.309 INFO  [2144] [CServerManager::SM_ExecuteOnce_V30@4806] start. ProcessID = [10000]

2026-05-26 15:41:10.310 INFO  [2144] [CServerManager::SM_ExecuteOnce_V30@4847] end

2026-05-26 15:41:10.310 INFO  [22624] [CServerManager::ParseOutputResForSP@31268] SDK: Callback work state info. ProcessID:[10000] , WorkStatus:[1], BatchID:[36]

2026-05-26 15:41:10.344 INFO  [22624] [CServerManager::ParseOutputResForSP@31456] SDK: Callback work state info. ProcessID:[10000] , WorkStatus:[0], BatchID:[36], ProcessTime:[31.791300]

2026-05-26 15:41:10.350 INFO  [22624] [CServerManager::ParseOutputResForSP@31494] SDK: Callback procedure stop execute info end. nProcessID:[10000]; nStatus:[0]; m_nStopIndex:[71]

2026-05-26 15:41:10.493 INFO  [2144] [CServerManager::SM_ExecuteOnce_V30@4806] start. ProcessID = [10000]

2026-05-26 15:41:10.494 INFO  [2144] [CServerManager::SM_ExecuteOnce_V30@4847] end

2026-05-26 15:41:10.494 INFO  [22624] [CServerManager::ParseOutputResForSP@31268] SDK: Callback work state info. ProcessID:[10000] , WorkStatus:[1], BatchID:[37]

2026-05-26 15:41:10.526 INFO  [22624] [CServerManager::ParseOutputResForSP@31456] SDK: Callback work state info. ProcessID:[10000] , WorkStatus:[0], BatchID:[37], ProcessTime:[30.291300]

2026-05-26 15:41:10.532 INFO  [22624] [CServerManager::ParseOutputResForSP@31494] SDK: Callback procedure stop execute info end. nProcessID:[10000]; nStatus:[0]; m_nStopIndex:[72]

2026-05-26 15:41:10.701 INFO  [2144] [CServerManager::SM_ExecuteOnce_V30@4806] start. ProcessID = [10000]

2026-05-26 15:41:10.702 INFO  [2144] [CServerManager::SM_ExecuteOnce_V30@4847] end

2026-05-26 15:41:10.703 INFO  [22624] [CServerManager::ParseOutputResForSP@31268] SDK: Callback work state info. ProcessID:[10000] , WorkStatus:[1], BatchID:[38]

2026-05-26 15:41:10.732 INFO  [22624] [CServerManager::ParseOutputResForSP@31456] SDK: Callback work state info. ProcessID:[10000] , WorkStatus:[0], BatchID:[38], ProcessTime:[29.466101]

2026-05-26 15:41:10.739 INFO  [22624] [CServerManager::ParseOutputResForSP@31494] SDK: Callback procedure stop execute info end. nProcessID:[10000]; nStatus:[0]; m_nStopIndex:[73]

2026-05-26 15:41:10.909 INFO  [2144] [CServerManager::SM_ExecuteOnce_V30@4806] start. ProcessID = [10000]

2026-05-26 15:41:10.910 INFO  [2144] [CServerManager::SM_ExecuteOnce_V30@4847] end

2026-05-26 15:41:10.910 INFO  [22624] [CServerManager::ParseOutputResForSP@31268] SDK: Callback work state info. ProcessID:[10000] , WorkStatus:[1], BatchID:[39]

2026-05-26 15:41:10.946 INFO  [22624] [CServerManager::ParseOutputResForSP@31456] SDK: Callback work state info. ProcessID:[10000] , WorkStatus:[0], BatchID:[39], ProcessTime:[34.490799]

2026-05-26 15:41:10.952 INFO  [22624] [CServerManager::ParseOutputResForSP@31494] SDK: Callback procedure stop execute info end. nProcessID:[10000]; nStatus:[0]; m_nStopIndex:[74]

2026-05-26 15:41:11.101 INFO  [2144] [CServerManager::SM_ExecuteOnce_V30@4806] start. ProcessID = [10000]

2026-05-26 15:41:11.102 INFO  [2144] [CServerManager::SM_ExecuteOnce_V30@4847] end

2026-05-26 15:41:11.102 INFO  [22624] [CServerManager::ParseOutputResForSP@31268] SDK: Callback work state info. ProcessID:[10000] , WorkStatus:[1], BatchID:[40]

2026-05-26 15:41:11.134 INFO  [22624] [CServerManager::ParseOutputResForSP@31456] SDK: Callback work state info. ProcessID:[10000] , WorkStatus:[0], BatchID:[40], ProcessTime:[31.578400]

2026-05-26 15:41:11.142 INFO  [22624] [CServerManager::ParseOutputResForSP@31494] SDK: Callback procedure stop execute info end. nProcessID:[10000]; nStatus:[0]; m_nStopIndex:[75]

2026-05-26 15:41:11.309 INFO  [2144] [CServerManager::SM_ExecuteOnce_V30@4806] start. ProcessID = [10000]

2026-05-26 15:41:11.310 INFO  [2144] [CServerManager::SM_ExecuteOnce_V30@4847] end

2026-05-26 15:41:11.310 INFO  [22624] [CServerManager::ParseOutputResForSP@31268] SDK: Callback work state info. ProcessID:[10000] , WorkStatus:[1], BatchID:[41]

2026-05-26 15:41:11.349 INFO  [22624] [CServerManager::ParseOutputResForSP@31456] SDK: Callback work state info. ProcessID:[10000] , WorkStatus:[0], BatchID:[41], ProcessTime:[36.918499]

2026-05-26 15:41:11.355 INFO  [22624] [CServerManager::ParseOutputResForSP@31494] SDK: Callback procedure stop execute info end. nProcessID:[10000]; nStatus:[0]; m_nStopIndex:[76]

2026-05-26 15:41:11.525 INFO  [2144] [CServerManager::SM_ExecuteOnce_V30@4806] start. ProcessID = [10000]

2026-05-26 15:41:11.525 INFO  [2144] [CServerManager::SM_ExecuteOnce_V30@4847] end

2026-05-26 15:41:11.526 INFO  [22624] [CServerManager::ParseOutputResForSP@31268] SDK: Callback work state info. ProcessID:[10000] , WorkStatus:[1], BatchID:[42]

2026-05-26 15:41:11.565 INFO  [22624] [CServerManager::ParseOutputResForSP@31456] SDK: Callback work state info. ProcessID:[10000] , WorkStatus:[0], BatchID:[42], ProcessTime:[37.202499]

2026-05-26 15:41:11.573 INFO  [22624] [CServerManager::ParseOutputResForSP@31494] SDK: Callback procedure stop execute info end. nProcessID:[10000]; nStatus:[0]; m_nStopIndex:[77]

2026-05-26 15:41:11.733 INFO  [2144] [CServerManager::SM_ExecuteOnce_V30@4806] start. ProcessID = [10000]

2026-05-26 15:41:11.734 INFO  [2144] [CServerManager::SM_ExecuteOnce_V30@4847] end

2026-05-26 15:41:11.735 INFO  [22624] [CServerManager::ParseOutputResForSP@31268] SDK: Callback work state info. ProcessID:[10000] , WorkStatus:[1], BatchID:[43]

2026-05-26 15:41:11.768 INFO  [22624] [CServerManager::ParseOutputResForSP@31456] SDK: Callback work state info. ProcessID:[10000] , WorkStatus:[0], BatchID:[43], ProcessTime:[32.173302]

2026-05-26 15:41:11.774 INFO  [22624] [CServerManager::ParseOutputResForSP@31494] SDK: Callback procedure stop execute info end. nProcessID:[10000]; nStatus:[0]; m_nStopIndex:[78]

2026-05-26 15:41:11.933 INFO  [2144] [CServerManager::SM_ExecuteOnce_V30@4806] start. ProcessID = [10000]

2026-05-26 15:41:11.934 INFO  [2144] [CServerManager::SM_ExecuteOnce_V30@4847] end

2026-05-26 15:41:11.934 INFO  [22624] [CServerManager::ParseOutputResForSP@31268] SDK: Callback work state info. ProcessID:[10000] , WorkStatus:[1], BatchID:[44]

2026-05-26 15:41:11.968 INFO  [22624] [CServerManager::ParseOutputResForSP@31456] SDK: Callback work state info. ProcessID:[10000] , WorkStatus:[0], BatchID:[44], ProcessTime:[31.070801]

2026-05-26 15:41:11.973 INFO  [22624] [CServerManager::ParseOutputResForSP@31494] SDK: Callback procedure stop execute info end. nProcessID:[10000]; nStatus:[0]; m_nStopIndex:[79]

2026-05-26 15:41:12.141 INFO  [2144] [CServerManager::SM_ExecuteOnce_V30@4806] start. ProcessID = [10000]

2026-05-26 15:41:12.142 INFO  [2144] [CServerManager::SM_ExecuteOnce_V30@4847] end

2026-05-26 15:41:12.142 INFO  [22624] [CServerManager::ParseOutputResForSP@31268] SDK: Callback work state info. ProcessID:[10000] , WorkStatus:[1], BatchID:[45]

2026-05-26 15:41:12.176 INFO  [22624] [CServerManager::ParseOutputResForSP@31456] SDK: Callback work state info. ProcessID:[10000] , WorkStatus:[0], BatchID:[45], ProcessTime:[29.309401]

2026-05-26 15:41:12.184 INFO  [22624] [CServerManager::ParseOutputResForSP@31494] SDK: Callback procedure stop execute info end. nProcessID:[10000]; nStatus:[0]; m_nStopIndex:[80]

2026-05-26 15:41:12.333 INFO  [2144] [CServerManager::SM_ExecuteOnce_V30@4806] start. ProcessID = [10000]

2026-05-26 15:41:12.334 INFO  [2144] [CServerManager::SM_ExecuteOnce_V30@4847] end

2026-05-26 15:41:12.334 INFO  [22624] [CServerManager::ParseOutputResForSP@31268] SDK: Callback work state info. ProcessID:[10000] , WorkStatus:[1], BatchID:[46]

2026-05-26 15:41:12.365 INFO  [22624] [CServerManager::ParseOutputResForSP@31456] SDK: Callback work state info. ProcessID:[10000] , WorkStatus:[0], BatchID:[46], ProcessTime:[30.025801]

2026-05-26 15:41:12.371 INFO  [22624] [CServerManager::ParseOutputResForSP@31494] SDK: Callback procedure stop execute info end. nProcessID:[10000]; nStatus:[0]; m_nStopIndex:[81]

2026-05-26 15:41:12.541 INFO  [2144] [CServerManager::SM_ExecuteOnce_V30@4806] start. ProcessID = [10000]

2026-05-26 15:41:12.542 INFO  [2144] [CServerManager::SM_ExecuteOnce_V30@4847] end

2026-05-26 15:41:12.542 INFO  [22624] [CServerManager::ParseOutputResForSP@31268] SDK: Callback work state info. ProcessID:[10000] , WorkStatus:[1], BatchID:[47]

2026-05-26 15:41:12.580 INFO  [22624] [CServerManager::ParseOutputResForSP@31456] SDK: Callback work state info. ProcessID:[10000] , WorkStatus:[0], BatchID:[47], ProcessTime:[33.362000]

2026-05-26 15:41:12.586 INFO  [22624] [CServerManager::ParseOutputResForSP@31494] SDK: Callback procedure stop execute info end. nProcessID:[10000]; nStatus:[0]; m_nStopIndex:[82]

2026-05-26 15:41:12.733 INFO  [2144] [CServerManager::SM_ExecuteOnce_V30@4806] start. ProcessID = [10000]

2026-05-26 15:41:12.734 INFO  [2144] [CServerManager::SM_ExecuteOnce_V30@4847] end

2026-05-26 15:41:12.734 INFO  [22624] [CServerManager::ParseOutputResForSP@31268] SDK: Callback work state info. ProcessID:[10000] , WorkStatus:[1], BatchID:[48]

2026-05-26 15:41:12.766 INFO  [22624] [CServerManager::ParseOutputResForSP@31456] SDK: Callback work state info. ProcessID:[10000] , WorkStatus:[0], BatchID:[48], ProcessTime:[30.868601]

2026-05-26 15:41:12.772 INFO  [22624] [CServerManager::ParseOutputResForSP@31494] SDK: Callback procedure stop execute info end. nProcessID:[10000]; nStatus:[0]; m_nStopIndex:[83]

2026-05-26 15:41:12.933 INFO  [2144] [CServerManager::SM_ExecuteOnce_V30@4806] start. ProcessID = [10000]

2026-05-26 15:41:12.934 INFO  [2144] [CServerManager::SM_ExecuteOnce_V30@4847] end

2026-05-26 15:41:12.934 INFO  [22624] [CServerManager::ParseOutputResForSP@31268] SDK: Callback work state info. ProcessID:[10000] , WorkStatus:[1], BatchID:[49]

2026-05-26 15:41:12.966 INFO  [22624] [CServerManager::ParseOutputResForSP@31456] SDK: Callback work state info. ProcessID:[10000] , WorkStatus:[0], BatchID:[49], ProcessTime:[29.571501]

2026-05-26 15:41:12.972 INFO  [22624] [CServerManager::ParseOutputResForSP@31494] SDK: Callback procedure stop execute info end. nProcessID:[10000]; nStatus:[0]; m_nStopIndex:[84]

2026-05-26 15:41:13.141 INFO  [2144] [CServerManager::SM_ExecuteOnce_V30@4806] start. ProcessID = [10000]

2026-05-26 15:41:13.142 INFO  [2144] [CServerManager::SM_ExecuteOnce_V30@4847] end

2026-05-26 15:41:13.142 INFO  [22624] [CServerManager::ParseOutputResForSP@31268] SDK: Callback work state info. ProcessID:[10000] , WorkStatus:[1], BatchID:[50]

2026-05-26 15:41:13.176 INFO  [22624] [CServerManager::ParseOutputResForSP@31456] SDK: Callback work state info. ProcessID:[10000] , WorkStatus:[0], BatchID:[50], ProcessTime:[31.769600]

2026-05-26 15:41:13.182 INFO  [22624] [CServerManager::ParseOutputResForSP@31494] SDK: Callback procedure stop execute info end. nProcessID:[10000]; nStatus:[0]; m_nStopIndex:[85]

2026-05-26 15:41:13.382 INFO  [2144] [CServerManager::SM_ExecuteOnce_V30@4806] start. ProcessID = [10000]

2026-05-26 15:41:13.382 INFO  [2144] [CServerManager::SM_ExecuteOnce_V30@4847] end

2026-05-26 15:41:13.383 INFO  [22624] [CServerManager::ParseOutputResForSP@31268] SDK: Callback work state info. ProcessID:[10000] , WorkStatus:[1], BatchID:[51]

2026-05-26 15:41:13.414 INFO  [22624] [CServerManager::ParseOutputResForSP@31456] SDK: Callback work state info. ProcessID:[10000] , WorkStatus:[0], BatchID:[51], ProcessTime:[30.775000]

2026-05-26 15:41:13.419 INFO  [22624] [CServerManager::ParseOutputResForSP@31494] SDK: Callback procedure stop execute info end. nProcessID:[10000]; nStatus:[0]; m_nStopIndex:[86]

2026-05-26 15:41:13.581 INFO  [2144] [CServerManager::SM_ExecuteOnce_V30@4806] start. ProcessID = [10000]

2026-05-26 15:41:13.582 INFO  [2144] [CServerManager::SM_ExecuteOnce_V30@4847] end

2026-05-26 15:41:13.582 INFO  [22624] [CServerManager::ParseOutputResForSP@31268] SDK: Callback work state info. ProcessID:[10000] , WorkStatus:[1], BatchID:[52]

2026-05-26 15:41:13.615 INFO  [22624] [CServerManager::ParseOutputResForSP@31456] SDK: Callback work state info. ProcessID:[10000] , WorkStatus:[0], BatchID:[52], ProcessTime:[32.021900]

2026-05-26 15:41:13.621 INFO  [22624] [CServerManager::ParseOutputResForSP@31494] SDK: Callback procedure stop execute info end. nProcessID:[10000]; nStatus:[0]; m_nStopIndex:[87]

2026-05-26 15:41:13.789 INFO  [2144] [CServerManager::SM_ExecuteOnce_V30@4806] start. ProcessID = [10000]

2026-05-26 15:41:13.790 INFO  [2144] [CServerManager::SM_ExecuteOnce_V30@4847] end

2026-05-26 15:41:13.790 INFO  [22624] [CServerManager::ParseOutputResForSP@31268] SDK: Callback work state info. ProcessID:[10000] , WorkStatus:[1], BatchID:[53]

2026-05-26 15:41:13.825 INFO  [22624] [CServerManager::ParseOutputResForSP@31456] SDK: Callback work state info. ProcessID:[10000] , WorkStatus:[0], BatchID:[53], ProcessTime:[33.136902]

2026-05-26 15:41:13.831 INFO  [22624] [CServerManager::ParseOutputResForSP@31494] SDK: Callback procedure stop execute info end. nProcessID:[10000]; nStatus:[0]; m_nStopIndex:[88]

2026-05-26 15:41:14.006 INFO  [2144] [CServerManager::SM_ExecuteOnce_V30@4806] start. ProcessID = [10000]

2026-05-26 15:41:14.006 INFO  [2144] [CServerManager::SM_ExecuteOnce_V30@4847] end

2026-05-26 15:41:14.006 INFO  [22624] [CServerManager::ParseOutputResForSP@31268] SDK: Callback work state info. ProcessID:[10000] , WorkStatus:[1], BatchID:[54]

2026-05-26 15:41:14.038 INFO  [22624] [CServerManager::ParseOutputResForSP@31456] SDK: Callback work state info. ProcessID:[10000] , WorkStatus:[0], BatchID:[54], ProcessTime:[30.756100]

2026-05-26 15:41:14.046 INFO  [22624] [CServerManager::ParseOutputResForSP@31494] SDK: Callback procedure stop execute info end. nProcessID:[10000]; nStatus:[0]; m_nStopIndex:[89]

2026-05-26 15:41:14.205 INFO  [2144] [CServerManager::SM_ExecuteOnce_V30@4806] start. ProcessID = [10000]

2026-05-26 15:41:14.206 INFO  [2144] [CServerManager::SM_ExecuteOnce_V30@4847] end

2026-05-26 15:41:14.206 INFO  [22624] [CServerManager::ParseOutputResForSP@31268] SDK: Callback work state info. ProcessID:[10000] , WorkStatus:[1], BatchID:[55]

2026-05-26 15:41:14.238 INFO  [22624] [CServerManager::ParseOutputResForSP@31456] SDK: Callback work state info. ProcessID:[10000] , WorkStatus:[0], BatchID:[55], ProcessTime:[30.598101]

2026-05-26 15:41:14.244 INFO  [22624] [CServerManager::ParseOutputResForSP@31494] SDK: Callback procedure stop execute info end. nProcessID:[10000]; nStatus:[0]; m_nStopIndex:[90]

2026-05-26 15:41:14.429 INFO  [2144] [CServerManager::SM_ExecuteOnce_V30@4806] start. ProcessID = [10000]

2026-05-26 15:41:14.430 INFO  [2144] [CServerManager::SM_ExecuteOnce_V30@4847] end

2026-05-26 15:41:14.431 INFO  [22624] [CServerManager::ParseOutputResForSP@31268] SDK: Callback work state info. ProcessID:[10000] , WorkStatus:[1], BatchID:[56]

2026-05-26 15:41:14.464 INFO  [22624] [CServerManager::ParseOutputResForSP@31456] SDK: Callback work state info. ProcessID:[10000] , WorkStatus:[0], BatchID:[56], ProcessTime:[31.058300]

2026-05-26 15:41:14.470 INFO  [22624] [CServerManager::ParseOutputResForSP@31494] SDK: Callback procedure stop execute info end. nProcessID:[10000]; nStatus:[0]; m_nStopIndex:[91]

2026-05-26 15:41:14.629 INFO  [2144] [CServerManager::SM_ExecuteOnce_V30@4806] start. ProcessID = [10000]

2026-05-26 15:41:14.630 INFO  [2144] [CServerManager::SM_ExecuteOnce_V30@4847] end

2026-05-26 15:41:14.630 INFO  [22624] [CServerManager::ParseOutputResForSP@31268] SDK: Callback work state info. ProcessID:[10000] , WorkStatus:[1], BatchID:[57]

2026-05-26 15:41:14.663 INFO  [22624] [CServerManager::ParseOutputResForSP@31456] SDK: Callback work state info. ProcessID:[10000] , WorkStatus:[0], BatchID:[57], ProcessTime:[31.162600]

2026-05-26 15:41:14.669 INFO  [22624] [CServerManager::ParseOutputResForSP@31494] SDK: Callback procedure stop execute info end. nProcessID:[10000]; nStatus:[0]; m_nStopIndex:[92]

2026-05-26 15:41:14.837 INFO  [2144] [CServerManager::SM_ExecuteOnce_V30@4806] start. ProcessID = [10000]

2026-05-26 15:41:14.838 INFO  [2144] [CServerManager::SM_ExecuteOnce_V30@4847] end

2026-05-26 15:41:14.839 INFO  [22624] [CServerManager::ParseOutputResForSP@31268] SDK: Callback work state info. ProcessID:[10000] , WorkStatus:[1], BatchID:[58]

2026-05-26 15:41:14.877 INFO  [22624] [CServerManager::ParseOutputResForSP@31456] SDK: Callback work state info. ProcessID:[10000] , WorkStatus:[0], BatchID:[58], ProcessTime:[37.742001]

2026-05-26 15:41:14.883 INFO  [22624] [CServerManager::ParseOutputResForSP@31494] SDK: Callback procedure stop execute info end. nProcessID:[10000]; nStatus:[0]; m_nStopIndex:[93]

2026-05-26 15:41:15.045 INFO  [2144] [CServerManager::SM_ExecuteOnce_V30@4806] start. ProcessID = [10000]

2026-05-26 15:41:15.046 INFO  [2144] [CServerManager::SM_ExecuteOnce_V30@4847] end

2026-05-26 15:41:15.046 INFO  [22624] [CServerManager::ParseOutputResForSP@31268] SDK: Callback work state info. ProcessID:[10000] , WorkStatus:[1], BatchID:[59]

2026-05-26 15:41:15.078 INFO  [22624] [CServerManager::ParseOutputResForSP@31456] SDK: Callback work state info. ProcessID:[10000] , WorkStatus:[0], BatchID:[59], ProcessTime:[30.992001]

2026-05-26 15:41:15.084 INFO  [22624] [CServerManager::ParseOutputResForSP@31494] SDK: Callback procedure stop execute info end. nProcessID:[10000]; nStatus:[0]; m_nStopIndex:[94]

2026-05-26 15:41:15.261 INFO  [2144] [CServerManager::SM_ExecuteOnce_V30@4806] start. ProcessID = [10000]

2026-05-26 15:41:15.262 INFO  [2144] [CServerManager::SM_ExecuteOnce_V30@4847] end

2026-05-26 15:41:15.262 INFO  [22624] [CServerManager::ParseOutputResForSP@31268] SDK: Callback work state info. ProcessID:[10000] , WorkStatus:[1], BatchID:[60]

2026-05-26 15:41:15.296 INFO  [22624] [CServerManager::ParseOutputResForSP@31456] SDK: Callback work state info. ProcessID:[10000] , WorkStatus:[0], BatchID:[60], ProcessTime:[32.593300]

2026-05-26 15:41:15.303 INFO  [22624] [CServerManager::ParseOutputResForSP@31494] SDK: Callback procedure stop execute info end. nProcessID:[10000]; nStatus:[0]; m_nStopIndex:[95]

2026-05-26 15:41:15.469 INFO  [2144] [CServerManager::SM_ExecuteOnce_V30@4806] start. ProcessID = [10000]

2026-05-26 15:41:15.470 INFO  [2144] [CServerManager::SM_ExecuteOnce_V30@4847] end

2026-05-26 15:41:15.470 INFO  [22624] [CServerManager::ParseOutputResForSP@31268] SDK: Callback work state info. ProcessID:[10000] , WorkStatus:[1], BatchID:[61]

2026-05-26 15:41:15.504 INFO  [22624] [CServerManager::ParseOutputResForSP@31456] SDK: Callback work state info. ProcessID:[10000] , WorkStatus:[0], BatchID:[61], ProcessTime:[31.622801]

2026-05-26 15:41:15.510 INFO  [22624] [CServerManager::ParseOutputResForSP@31494] SDK: Callback procedure stop execute info end. nProcessID:[10000]; nStatus:[0]; m_nStopIndex:[96]

2026-05-26 15:41:15.677 INFO  [2144] [CServerManager::SM_ExecuteOnce_V30@4806] start. ProcessID = [10000]

2026-05-26 15:41:15.678 INFO  [2144] [CServerManager::SM_ExecuteOnce_V30@4847] end

2026-05-26 15:41:15.678 INFO  [22624] [CServerManager::ParseOutputResForSP@31268] SDK: Callback work state info. ProcessID:[10000] , WorkStatus:[1], BatchID:[62]

2026-05-26 15:41:15.710 INFO  [22624] [CServerManager::ParseOutputResForSP@31456] SDK: Callback work state info. ProcessID:[10000] , WorkStatus:[0], BatchID:[62], ProcessTime:[30.039801]

2026-05-26 15:41:15.718 INFO  [22624] [CServerManager::ParseOutputResForSP@31494] SDK: Callback procedure stop execute info end. nProcessID:[10000]; nStatus:[0]; m_nStopIndex:[97]

2026-05-26 15:41:15.885 INFO  [2144] [CServerManager::SM_ExecuteOnce_V30@4806] start. ProcessID = [10000]

2026-05-26 15:41:15.886 INFO  [2144] [CServerManager::SM_ExecuteOnce_V30@4847] end

2026-05-26 15:41:15.886 INFO  [22624] [CServerManager::ParseOutputResForSP@31268] SDK: Callback work state info. ProcessID:[10000] , WorkStatus:[1], BatchID:[63]

2026-05-26 15:41:15.918 INFO  [22624] [CServerManager::ParseOutputResForSP@31456] SDK: Callback work state info. ProcessID:[10000] , WorkStatus:[0], BatchID:[63], ProcessTime:[31.132900]

2026-05-26 15:41:15.924 INFO  [22624] [CServerManager::ParseOutputResForSP@31494] SDK: Callback procedure stop execute info end. nProcessID:[10000]; nStatus:[0]; m_nStopIndex:[98]

2026-05-26 15:41:16.093 INFO  [2144] [CServerManager::SM_ExecuteOnce_V30@4806] start. ProcessID = [10000]

2026-05-26 15:41:16.094 INFO  [2144] [CServerManager::SM_ExecuteOnce_V30@4847] end

2026-05-26 15:41:16.094 INFO  [22624] [CServerManager::ParseOutputResForSP@31268] SDK: Callback work state info. ProcessID:[10000] , WorkStatus:[1], BatchID:[64]

2026-05-26 15:41:16.132 INFO  [22624] [CServerManager::ParseOutputResForSP@31456] SDK: Callback work state info. ProcessID:[10000] , WorkStatus:[0], BatchID:[64], ProcessTime:[33.622200]

2026-05-26 15:41:16.138 INFO  [22624] [CServerManager::ParseOutputResForSP@31494] SDK: Callback procedure stop execute info end. nProcessID:[10000]; nStatus:[0]; m_nStopIndex:[99]

2026-05-26 15:41:16.301 INFO  [2144] [CServerManager::SM_ExecuteOnce_V30@4806] start. ProcessID = [10000]

2026-05-26 15:41:16.302 INFO  [2144] [CServerManager::SM_ExecuteOnce_V30@4847] end

2026-05-26 15:41:16.302 INFO  [22624] [CServerManager::ParseOutputResForSP@31268] SDK: Callback work state info. ProcessID:[10000] , WorkStatus:[1], BatchID:[65]

2026-05-26 15:41:16.332 INFO  [22624] [CServerManager::ParseOutputResForSP@31456] SDK: Callback work state info. ProcessID:[10000] , WorkStatus:[0], BatchID:[65], ProcessTime:[29.554100]

2026-05-26 15:41:16.338 INFO  [22624] [CServerManager::ParseOutputResForSP@31494] SDK: Callback procedure stop execute info end. nProcessID:[10000]; nStatus:[0]; m_nStopIndex:[100]

2026-05-26 15:41:16.597 INFO  [2144] [CServerManager::SM_ExecuteOnce_V30@4806] start. ProcessID = [10000]

2026-05-26 15:41:16.598 INFO  [2144] [CServerManager::SM_ExecuteOnce_V30@4847] end

2026-05-26 15:41:16.598 INFO  [22624] [CServerManager::ParseOutputResForSP@31268] SDK: Callback work state info. ProcessID:[10000] , WorkStatus:[1], BatchID:[66]

2026-05-26 15:41:16.631 INFO  [22624] [CServerManager::ParseOutputResForSP@31456] SDK: Callback work state info. ProcessID:[10000] , WorkStatus:[0], BatchID:[66], ProcessTime:[31.468500]

2026-05-26 15:41:16.641 INFO  [22624] [CServerManager::ParseOutputResForSP@31494] SDK: Callback procedure stop execute info end. nProcessID:[10000]; nStatus:[0]; m_nStopIndex:[101]

2026-05-26 15:41:16.933 INFO  [2144] [CServerManager::SM_ExecuteOnce_V30@4806] start. ProcessID = [10000]

2026-05-26 15:41:16.934 INFO  [2144] [CServerManager::SM_ExecuteOnce_V30@4847] end

2026-05-26 15:41:16.934 INFO  [22624] [CServerManager::ParseOutputResForSP@31268] SDK: Callback work state info. ProcessID:[10000] , WorkStatus:[1], BatchID:[67]

2026-05-26 15:41:16.964 INFO  [22624] [CServerManager::ParseOutputResForSP@31456] SDK: Callback work state info. ProcessID:[10000] , WorkStatus:[0], BatchID:[67], ProcessTime:[29.452101]

2026-05-26 15:41:16.970 INFO  [22624] [CServerManager::ParseOutputResForSP@31494] SDK: Callback procedure stop execute info end. nProcessID:[10000]; nStatus:[0]; m_nStopIndex:[102]

2026-05-26 15:41:17.141 INFO  [2144] [CServerManager::SM_ExecuteOnce_V30@4806] start. ProcessID = [10000]

2026-05-26 15:41:17.142 INFO  [2144] [CServerManager::SM_ExecuteOnce_V30@4847] end

2026-05-26 15:41:17.142 INFO  [22624] [CServerManager::ParseOutputResForSP@31268] SDK: Callback work state info. ProcessID:[10000] , WorkStatus:[1], BatchID:[68]

2026-05-26 15:41:17.177 INFO  [22624] [CServerManager::ParseOutputResForSP@31456] SDK: Callback work state info. ProcessID:[10000] , WorkStatus:[0], BatchID:[68], ProcessTime:[32.473099]

2026-05-26 15:41:17.183 INFO  [22624] [CServerManager::ParseOutputResForSP@31494] SDK: Callback procedure stop execute info end. nProcessID:[10000]; nStatus:[0]; m_nStopIndex:[103]

2026-05-26 15:41:17.365 INFO  [2144] [CServerManager::SM_ExecuteOnce_V30@4806] start. ProcessID = [10000]

2026-05-26 15:41:17.366 INFO  [2144] [CServerManager::SM_ExecuteOnce_V30@4847] end

2026-05-26 15:41:17.366 INFO  [22624] [CServerManager::ParseOutputResForSP@31268] SDK: Callback work state info. ProcessID:[10000] , WorkStatus:[1], BatchID:[69]

2026-05-26 15:41:17.398 INFO  [22624] [CServerManager::ParseOutputResForSP@31456] SDK: Callback work state info. ProcessID:[10000] , WorkStatus:[0], BatchID:[69], ProcessTime:[31.233000]

2026-05-26 15:41:17.404 INFO  [22624] [CServerManager::ParseOutputResForSP@31494] SDK: Callback procedure stop execute info end. nProcessID:[10000]; nStatus:[0]; m_nStopIndex:[104]

2026-05-26 15:41:17.581 INFO  [2144] [CServerManager::SM_ExecuteOnce_V30@4806] start. ProcessID = [10000]

2026-05-26 15:41:17.582 INFO  [2144] [CServerManager::SM_ExecuteOnce_V30@4847] end

2026-05-26 15:41:17.582 INFO  [22624] [CServerManager::ParseOutputResForSP@31268] SDK: Callback work state info. ProcessID:[10000] , WorkStatus:[1], BatchID:[70]

2026-05-26 15:41:17.620 INFO  [22624] [CServerManager::ParseOutputResForSP@31456] SDK: Callback work state info. ProcessID:[10000] , WorkStatus:[0], BatchID:[70], ProcessTime:[34.261002]

2026-05-26 15:41:17.626 INFO  [22624] [CServerManager::ParseOutputResForSP@31494] SDK: Callback procedure stop execute info end. nProcessID:[10000]; nStatus:[0]; m_nStopIndex:[105]

2026-05-26 15:41:17.797 INFO  [2144] [CServerManager::SM_ExecuteOnce_V30@4806] start. ProcessID = [10000]

2026-05-26 15:41:17.798 INFO  [2144] [CServerManager::SM_ExecuteOnce_V30@4847] end

2026-05-26 15:41:17.798 INFO  [22624] [CServerManager::ParseOutputResForSP@31268] SDK: Callback work state info. ProcessID:[10000] , WorkStatus:[1], BatchID:[71]

2026-05-26 15:41:17.836 INFO  [22624] [CServerManager::ParseOutputResForSP@31456] SDK: Callback work state info. ProcessID:[10000] , WorkStatus:[0], BatchID:[71], ProcessTime:[36.686798]

2026-05-26 15:41:17.843 INFO  [22624] [CServerManager::ParseOutputResForSP@31494] SDK: Callback procedure stop execute info end. nProcessID:[10000]; nStatus:[0]; m_nStopIndex:[106]

2026-05-26 15:41:18.021 INFO  [2144] [CServerManager::SM_ExecuteOnce_V30@4806] start. ProcessID = [10000]

2026-05-26 15:41:18.022 INFO  [2144] [CServerManager::SM_ExecuteOnce_V30@4847] end

2026-05-26 15:41:18.023 INFO  [22624] [CServerManager::ParseOutputResForSP@31268] SDK: Callback work state info. ProcessID:[10000] , WorkStatus:[1], BatchID:[72]

2026-05-26 15:41:18.059 INFO  [22624] [CServerManager::ParseOutputResForSP@31456] SDK: Callback work state info. ProcessID:[10000] , WorkStatus:[0], BatchID:[72], ProcessTime:[34.838600]

2026-05-26 15:41:18.067 INFO  [22624] [CServerManager::ParseOutputResForSP@31494] SDK: Callback procedure stop execute info end. nProcessID:[10000]; nStatus:[0]; m_nStopIndex:[107]

2026-05-26 15:41:18.237 INFO  [2144] [CServerManager::SM_ExecuteOnce_V30@4806] start. ProcessID = [10000]

2026-05-26 15:41:18.238 INFO  [2144] [CServerManager::SM_ExecuteOnce_V30@4847] end

2026-05-26 15:41:18.238 INFO  [22624] [CServerManager::ParseOutputResForSP@31268] SDK: Callback work state info. ProcessID:[10000] , WorkStatus:[1], BatchID:[73]

2026-05-26 15:41:18.274 INFO  [22624] [CServerManager::ParseOutputResForSP@31456] SDK: Callback work state info. ProcessID:[10000] , WorkStatus:[0], BatchID:[73], ProcessTime:[34.409302]

2026-05-26 15:41:18.280 INFO  [22624] [CServerManager::ParseOutputResForSP@31494] SDK: Callback procedure stop execute info end. nProcessID:[10000]; nStatus:[0]; m_nStopIndex:[108]

2026-05-26 15:41:18.437 INFO  [2144] [CServerManager::SM_ExecuteOnce_V30@4806] start. ProcessID = [10000]

2026-05-26 15:41:18.438 INFO  [2144] [CServerManager::SM_ExecuteOnce_V30@4847] end

2026-05-26 15:41:18.438 INFO  [22624] [CServerManager::ParseOutputResForSP@31268] SDK: Callback work state info. ProcessID:[10000] , WorkStatus:[1], BatchID:[74]

2026-05-26 15:41:18.473 INFO  [22624] [CServerManager::ParseOutputResForSP@31456] SDK: Callback work state info. ProcessID:[10000] , WorkStatus:[0], BatchID:[74], ProcessTime:[33.215099]

2026-05-26 15:41:18.481 INFO  [22624] [CServerManager::ParseOutputResForSP@31494] SDK: Callback procedure stop execute info end. nProcessID:[10000]; nStatus:[0]; m_nStopIndex:[109]

2026-05-26 15:41:18.638 INFO  [2144] [CServerManager::SM_ExecuteOnce_V30@4806] start. ProcessID = [10000]

2026-05-26 15:41:18.638 INFO  [2144] [CServerManager::SM_ExecuteOnce_V30@4847] end

2026-05-26 15:41:18.639 INFO  [22624] [CServerManager::ParseOutputResForSP@31268] SDK: Callback work state info. ProcessID:[10000] , WorkStatus:[1], BatchID:[75]

2026-05-26 15:41:18.674 INFO  [22624] [CServerManager::ParseOutputResForSP@31456] SDK: Callback work state info. ProcessID:[10000] , WorkStatus:[0], BatchID:[75], ProcessTime:[35.059700]

2026-05-26 15:41:18.682 INFO  [22624] [CServerManager::ParseOutputResForSP@31494] SDK: Callback procedure stop execute info end. nProcessID:[10000]; nStatus:[0]; m_nStopIndex:[110]

2026-05-26 15:41:18.837 INFO  [2144] [CServerManager::SM_ExecuteOnce_V30@4806] start. ProcessID = [10000]

2026-05-26 15:41:18.838 INFO  [2144] [CServerManager::SM_ExecuteOnce_V30@4847] end

2026-05-26 15:41:18.838 INFO  [22624] [CServerManager::ParseOutputResForSP@31268] SDK: Callback work state info. ProcessID:[10000] , WorkStatus:[1], BatchID:[76]

2026-05-26 15:41:18.873 INFO  [22624] [CServerManager::ParseOutputResForSP@31456] SDK: Callback work state info. ProcessID:[10000] , WorkStatus:[0], BatchID:[76], ProcessTime:[33.612701]

2026-05-26 15:41:18.879 INFO  [22624] [CServerManager::ParseOutputResForSP@31494] SDK: Callback procedure stop execute info end. nProcessID:[10000]; nStatus:[0]; m_nStopIndex:[111]

2026-05-26 15:41:19.037 INFO  [2144] [CServerManager::SM_ExecuteOnce_V30@4806] start. ProcessID = [10000]

2026-05-26 15:41:19.038 INFO  [2144] [CServerManager::SM_ExecuteOnce_V30@4847] end

2026-05-26 15:41:19.038 INFO  [22624] [CServerManager::ParseOutputResForSP@31268] SDK: Callback work state info. ProcessID:[10000] , WorkStatus:[1], BatchID:[77]

2026-05-26 15:41:19.069 INFO  [22624] [CServerManager::ParseOutputResForSP@31456] SDK: Callback work state info. ProcessID:[10000] , WorkStatus:[0], BatchID:[77], ProcessTime:[30.405899]

2026-05-26 15:41:19.075 INFO  [22624] [CServerManager::ParseOutputResForSP@31494] SDK: Callback procedure stop execute info end. nProcessID:[10000]; nStatus:[0]; m_nStopIndex:[112]

2026-05-26 15:41:19.261 INFO  [2144] [CServerManager::SM_ExecuteOnce_V30@4806] start. ProcessID = [10000]

2026-05-26 15:41:19.262 INFO  [2144] [CServerManager::SM_ExecuteOnce_V30@4847] end

2026-05-26 15:41:19.262 INFO  [22624] [CServerManager::ParseOutputResForSP@31268] SDK: Callback work state info. ProcessID:[10000] , WorkStatus:[1], BatchID:[78]

2026-05-26 15:41:19.293 INFO  [22624] [CServerManager::ParseOutputResForSP@31456] SDK: Callback work state info. ProcessID:[10000] , WorkStatus:[0], BatchID:[78], ProcessTime:[30.332001]

2026-05-26 15:41:19.299 INFO  [22624] [CServerManager::ParseOutputResForSP@31494] SDK: Callback procedure stop execute info end. nProcessID:[10000]; nStatus:[0]; m_nStopIndex:[113]

2026-05-26 15:41:19.461 INFO  [2144] [CServerManager::SM_ExecuteOnce_V30@4806] start. ProcessID = [10000]

2026-05-26 15:41:19.462 INFO  [2144] [CServerManager::SM_ExecuteOnce_V30@4847] end

2026-05-26 15:41:19.462 INFO  [22624] [CServerManager::ParseOutputResForSP@31268] SDK: Callback work state info. ProcessID:[10000] , WorkStatus:[1], BatchID:[79]

2026-05-26 15:41:19.497 INFO  [22624] [CServerManager::ParseOutputResForSP@31456] SDK: Callback work state info. ProcessID:[10000] , WorkStatus:[0], BatchID:[79], ProcessTime:[30.955200]

2026-05-26 15:41:19.503 INFO  [22624] [CServerManager::ParseOutputResForSP@31494] SDK: Callback procedure stop execute info end. nProcessID:[10000]; nStatus:[0]; m_nStopIndex:[114]

2026-05-26 15:45:08.579 INFO  [20012] [CServerManager::PrintLog@36267] ======================================== 4.2.0 build Sep  6 2022 10:18:34 Start Print Log ========================================

2026-05-26 15:45:08.601 INFO  [20012] [CClientManager::InitAuthorization@5906] begin.

2026-05-26 15:45:08.601 INFO  [20012] [CClientManager::CheckLicense@6631] start

2026-05-26 15:45:08.601 INFO  [20012] [CClientManager::CheckLicense@6683] end

2026-05-26 15:45:08.969 INFO  [20012] [CClientManager::InitAuthorization@5962] SDK: InitAuthorization, authorization check successful.

2026-05-26 15:45:08.969 INFO  [20012] [CClientManager::InitAuthorization@5966] end.

2026-05-26 15:45:08.969 INFO  [20012] [CClientManager::Init@5408] begin.

2026-05-26 15:45:08.969 INFO  [20012] [CClientManager::DeInitPair@5695] start

2026-05-26 15:45:08.969 INFO  [20012] [CClientManager::DeInitPair@5709] end

2026-05-26 15:45:08.969 INFO  [20012] [CClientManager::DeInitPair@5695] start

2026-05-26 15:45:08.969 INFO  [20012] [CClientManager::DeInitPair@5709] end

2026-05-26 15:45:08.969 INFO  [20012] [CClientManager::Init@5426] end.nRet[0]

2026-05-26 15:45:08.969 INFO  [20012] [CClientManager::PF_DetectAndStartServer@12450] begin.

2026-05-26 15:45:08.969 INFO  [20012] [CServerManager::DetectService@33992] SDK: DetectService by OpenSCManager start

2026-05-26 15:45:08.969 INFO  [20012] [CServerManager::DetectService@34057] end

2026-05-26 15:45:08.969 INFO  [20012] [CClientManager::PF_DetectAndStartServer@12645] end.

2026-05-26 15:45:08.969 INFO  [20012] [CClientManager::PF_CreateHandle@1447] begin. nHandleType:[0]

2026-05-26 15:45:08.975 INFO  [20012] [CClientManager::PF_CreateHandle@1475] SDK: Third software start server by exe.

2026-05-26 15:45:08.975 INFO  [20012] [CServerManager::SM_Init@388] start

2026-05-26 15:45:08.975 INFO  [20012] [CServerManager::DeInit@23691] start

2026-05-26 15:45:08.975 INFO  [20012] [CServerManager::StopModuResSub@24968] start

2026-05-26 15:45:08.975 INFO  [20012] [CServerManager::StopModuResSub@24978] end

2026-05-26 15:45:08.975 INFO  [20012] [CServerManager::StopSub@24844] start

2026-05-26 15:45:08.975 INFO  [20012] [CServerManager::StopSub@24854] end

2026-05-26 15:45:08.975 INFO  [20012] [CServerManager::StopHeartPair@25850] start

2026-05-26 15:45:08.975 INFO  [20012] [CServerManager::StopHeartPair@25858] end

2026-05-26 15:45:08.975 INFO  [20012] [CServerManager::DeInitReadSendBuffer@23798] start

2026-05-26 15:45:08.975 INFO  [20012] [CServerManager::DeInitReadSendBuffer@23820] end

2026-05-26 15:45:08.975 INFO  [20012] [CServerManager::DeInitHeartPair@24496] start

2026-05-26 15:45:08.975 INFO  [20012] [CServerManager::StopHeartPair@25850] start

2026-05-26 15:45:08.975 INFO  [20012] [CServerManager::StopHeartPair@25858] end

2026-05-26 15:45:08.975 INFO  [20012] [CServerManager::DeInitHeartPair@24511] end

2026-05-26 15:45:08.975 INFO  [20012] [CServerManager::DeInitSub@23975] start

2026-05-26 15:45:08.975 INFO  [20012] [CServerManager::DeInitSub@23989] end

2026-05-26 15:45:08.975 INFO  [20012] [CServerManager::DeInitProxySub@24078] start

2026-05-26 15:45:08.975 INFO  [20012] [CServerManager::DeInitProxySub@24093] end

2026-05-26 15:45:08.975 INFO  [20012] [CServerManager::DeInitReq@24353] start

2026-05-26 15:45:08.975 INFO  [20012] [CServerManager::UnRegisterModule@24777] start

2026-05-26 15:45:08.975 WARN  [20012] [CServerManager::UnRegisterModule@24780] SDK: m_hCommunicationReq is NULL.

2026-05-26 15:45:08.975 INFO  [20012] [CServerManager::NotifyServerDestroy4Export@12373] start

2026-05-26 15:45:08.975 INFO  [20012] [CServerManager::NotifyServerDestroy4Export@12389] end

2026-05-26 15:45:08.975 INFO  [20012] [CServerManager::DeInitReq@24378] end

2026-05-26 15:45:08.975 INFO  [20012] [CServerManager::DeInit@23729] end

2026-05-26 15:45:08.975 INFO  [20012] [CServerManager::InitReadSendBuffer@23740] start

2026-05-26 15:45:08.975 INFO  [20012] [CServerManager::DeInitReadSendBuffer@23798] start

2026-05-26 15:45:08.975 INFO  [20012] [CServerManager::DeInitReadSendBuffer@23820] end

2026-05-26 15:45:08.975 INFO  [20012] [CServerManager::InitReadSendBuffer@23787] end

2026-05-26 15:45:08.975 INFO  [20012] [CServerManager::SM_Init@423] SDK: InitReadSendBuffer success.pstPlatformBasicInfo->nRepIp[0x7f000001],nport[5556]

2026-05-26 15:45:08.975 INFO  [20012] [CServerManager::SM_Init@442] SDK: GetAdapterInfo success. Info:[127.0.0.1]

2026-05-26 15:45:08.975 INFO  [20012] [CServerManager::InitSub@23894] start

2026-05-26 15:45:08.975 INFO  [20012] [CServerManager::DeInitSub@23975] start

2026-05-26 15:45:08.975 INFO  [20012] [CServerManager::DeInitSub@23989] end

2026-05-26 15:45:08.995 INFO  [20012] [CServerManager::InitSub@23964] end

2026-05-26 15:45:08.995 INFO  [20012] [CServerManager::SM_Init@480] SDK: InitSub success.

2026-05-26 15:45:08.995 INFO  [20012] [CServerManager::InitProxySub@23999] start

2026-05-26 15:45:08.995 INFO  [20012] [CServerManager::DeInitProxySub@24078] start

2026-05-26 15:45:08.995 INFO  [20012] [CServerManager::DeInitProxySub@24093] end

2026-05-26 15:45:08.995 INFO  [20012] [CServerManager::InitProxySub@24067] end

2026-05-26 15:45:08.995 INFO  [20012] [CServerManager::SM_Init@489] SDK: InitProxySub success.

2026-05-26 15:45:08.995 INFO  [20012] [CServerManager::InitHeartPair@24383] start

2026-05-26 15:45:08.995 INFO  [20012] [CServerManager::DeInitHeartPair@24496] start

2026-05-26 15:45:08.995 INFO  [20012] [CServerManager::StopHeartPair@25850] start

2026-05-26 15:45:08.995 INFO  [20012] [CServerManager::StopHeartPair@25858] end

2026-05-26 15:45:08.995 INFO  [20012] [CServerManager::DeInitHeartPair@24511] end

2026-05-26 15:45:08.995 INFO  [20012] [CServerManager::InitHeartPair@24418] SDK: request heartbeat addr[tcp://127.0.0.1:49792]

2026-05-26 15:45:08.995 INFO  [20012] [CServerManager::InitHeartPair@24489] end

2026-05-26 15:45:08.995 INFO  [20012] [CServerManager::SM_Init@497] SDK: InitHeartPair success.

2026-05-26 15:45:08.995 INFO  [20012] [CServerManager::InitReq@24103] start

2026-05-26 15:45:08.995 INFO  [20012] [CServerManager::DeInitReq@24353] start

2026-05-26 15:45:08.995 INFO  [20012] [CServerManager::UnRegisterModule@24777] start

2026-05-26 15:45:08.995 WARN  [20012] [CServerManager::UnRegisterModule@24780] SDK: m_hCommunicationReq is NULL.

2026-05-26 15:45:08.995 INFO  [20012] [CServerManager::NotifyServerDestroy4Export@12373] start

2026-05-26 15:45:08.995 INFO  [20012] [CServerManager::NotifyServerDestroy4Export@12389] end

2026-05-26 15:45:08.995 INFO  [20012] [CServerManager::DeInitReq@24378] end

2026-05-26 15:45:08.995 INFO  [20012] [CServerManager::InitReq@24160] Bind address:[tcp://127.0.0.1:49793]

2026-05-26 15:45:08.995 INFO  [20012] [CServerManager::InitReq@24164] Bind address:[tcp://127.0.0.1:49793], nRet:[0]

2026-05-26 15:45:08.995 INFO  [20012] [CServerManager::InitReq@24168] SetSocketOpt, nRet:[0]

2026-05-26 15:45:08.995 INFO  [20012] [CServerManager::InitReq@24172] SetSocketOpt, nRet:[0]

2026-05-26 15:45:08.995 INFO  [20012] [CServerManager::InitReq@24248] SDK:Connect addr:[tcp://127.0.0.1:5556], nRet:[0]

2026-05-26 15:45:08.995 INFO  [20012] [CServerManager::InitReq@24258] SDK: Connect to vmserver rep[tcp://127.0.0.1:5556]

2026-05-26 15:45:08.995 INFO  [20012] [CServerManager::GetProxyRegisterState@23292] start.

2026-05-26 15:45:08.995 INFO  [20012] [CServerManager::GetProxyRegisterState@23364] end.

2026-05-26 15:45:08.995 INFO  [20012] [CServerManager::RegisterModule@24521] start

2026-05-26 15:45:08.995 INFO  [20012] [CServerManager::GetProcessDirectoryById@34481] SDK: Process path:[C:\Program Files\VisionMaster4.2.0\Applications\Server]

2026-05-26 15:45:08.995 INFO  [20012] [CServerManager::RegisterModule@24590] SDK: Register RepAddress:[]; Proxy pub address:[tcp://0.0.0.0:49783]

2026-05-26 15:45:08.995 INFO  [20012] [CServerManager::RegisterModule@24592] SDK: Register info. ClientType:[1]; GUID:[127.0.0.1:559ACFDA256846A0B720C0E154CF8B22]

2026-05-26 15:45:09.009 INFO  [20012] [CServerManager::RegisterModule@24766] end

2026-05-26 15:45:09.009 INFO  [20012] [CServerManager::InitReq@24342] end

2026-05-26 15:45:09.009 INFO  [20012] [CServerManager::SM_Init@506] SDK: InitReq success.

2026-05-26 15:45:09.009 INFO  [20012] [CServerManager::SM_Init@515] SDK: StartSub success.

2026-05-26 15:45:09.009 INFO  [20012] [CServerManager::StartModuResSub@24943] start

2026-05-26 15:45:09.009 INFO  [20012] [CServerManager::StartModuResSub@24956] end

2026-05-26 15:45:09.009 INFO  [20012] [CServerManager::SM_Init@525] SDK: StartModuResSub success.

2026-05-26 15:45:09.009 INFO  [20012] [CServerManager::ProxyP2PConnect@36857] Begin

2026-05-26 15:45:09.009 INFO  [20012] [CServerManager::GetProxyP2PAddr@36801] start

2026-05-26 15:45:09.009 INFO  [9804] [CServerManager::HeartPairThreadProcess@25875] start

2026-05-26 15:45:09.009 INFO  [16220] [CServerManager::SubThreadProcess@24882] start

2026-05-26 15:45:09.009 INFO  [21540] [CServerManager::ModuResSubThreadProcess@25006] start

2026-05-26 15:45:09.009 INFO  [20012] [CServerManager::GetProxyP2PAddr@36847] end

2026-05-26 15:45:09.009 INFO  [20012] [ProxyP2PComm::InitP2PComm@60] start

2026-05-26 15:45:09.011 INFO  [20012] [ProxyP2PComm::InitP2PComm@97] end

2026-05-26 15:45:09.011 INFO  [20012] [CServerManager::ProxyP2PConnect@36872] End

2026-05-26 15:45:09.011 INFO  [20012] [CServerManager::SM_Init@563] end

2026-05-26 15:45:09.011 INFO  [20012] [CServerManager::SM_SetAllReportModuleResult@14887] start.

2026-05-26 15:45:09.019 INFO  [20012] [CServerManager::SM_SetAllReportModuleResult@14911] end.

2026-05-26 15:45:09.019 INFO  [20012] [CServerManager::SM_GetProcedureReentrant@21103] start.

2026-05-26 15:45:09.019 INFO  [20012] [CServerManager::SM_GetProcedureReentrant@21138] SDK: SM_GetProcedureReentrant nRecvBufLen:[228]

2026-05-26 15:45:09.019 INFO  [20012] [CServerManager::SM_GetProcedureReentrant@21186] end.

2026-05-26 15:45:09.019 INFO  [20012] [CClientManager::PF_CreateHandle@1535] end.

2026-05-26 15:45:09.596 INFO  [20012] [CServerManager::SM_RegisterOutputPlatformInfoCallBack@575] start

2026-05-26 15:45:09.596 INFO  [20012] [CServerManager::SM_RegisterOutputPlatformInfoCallBack@601] end

2026-05-26 15:45:09.598 INFO  [20012] [CServerManager::SM_CheckSolution@322] start

2026-05-26 15:45:09.600 INFO  [20012] [CServerManager::SM_CheckSolution@342] end

2026-05-26 15:45:09.608 INFO  [20012] [CServerManager::SM_LoadSolution@1701] start

2026-05-26 15:45:09.608 INFO  [20012] [CServerManager::SM_CheckSolution@322] start

2026-05-26 15:45:09.610 INFO  [20012] [CServerManager::SM_CheckSolution@342] end

2026-05-26 15:45:09.610 INFO  [20012] [CServerManager::SM_LoadSolution@1785] m_bIsTool:[0]

2026-05-26 15:45:09.610 INFO  [20012] [CServerManager::SM_LoadSolution@1788] Judge start.

2026-05-26 15:45:09.610 INFO  [20012] [CServerManager::SM_GetSolutionVersion@1484] start

2026-05-26 15:45:09.610 INFO  [20012] [CServerManager::SM_GetSolutionVersion@1504] SDK: UncompressOneFile start.

2026-05-26 15:45:09.612 INFO  [20012] [CServerManager::SM_GetSolutionVersion@1511] SDK: UncompressOneFile end.

2026-05-26 15:45:09.612 INFO  [20012] [CServerManager::SM_GetSolutionVersion@1533] end

2026-05-26 15:45:09.612 INFO  [20012] [CServerManager::SM_LoadSolution@1798] SM_GetSolutionVersion:[V4.2.1]

2026-05-26 15:45:09.612 INFO  [20012] [CServerManager::SM_LoadSolution@1807] Judge end.

2026-05-26 15:45:09.612 INFO  [20012] [CServerManager::SM_LoadSolution@1896] end

2026-05-26 15:45:09.612 INFO  [16220] [CServerManager::ParseLoadSolBeginInfo@28577] SDK: Callback load solution start information start.

2026-05-26 15:45:09.612 INFO  [16220] [CServerManager::ParseLoadSolBeginInfo@28594] SDK: Callback load solution start information end. ClientType:[1] Path:[D:\xcm\Test\相机拍与输出（无数据输出）2.sol]

2026-05-26 15:45:09.614 INFO  [16220] [CServerManager::ParseLoadSolProgressInfo@28813] SDK: Cb load solution process:[15]

2026-05-26 15:45:10.528 INFO  [16220] [CServerManager::ParseLoadSolProgressInfo@28813] SDK: Cb load solution process:[30]

2026-05-26 15:45:10.714 INFO  [16220] [CServerManager::ParseLoadSolProgressInfo@28813] SDK: Cb load solution process:[50]

2026-05-26 15:45:10.732 INFO  [16220] [CServerManager::ParseModuleReportData@29264] SDK: Callback algorithm init register info start.

2026-05-26 15:45:10.732 INFO  [16220] [CServerManager::ParseModuleReportData@29282] SDK: Callback algorithm init register info end. ModuleID:[6], nType:[3221225472]

2026-05-26 15:45:10.732 INFO  [16220] [CServerManager::ParseModuleReportData@29103] SDK: Callback communication data info start.

2026-05-26 15:45:10.732 INFO  [16220] [CServerManager::ParseModuleReportData@29153] SDK: Callback communication data info end. nType:[1025]

2026-05-26 15:45:16.247 INFO  [16220] [CServerManager::ParseModuleReportData@29264] SDK: Callback algorithm init register info start.

2026-05-26 15:45:16.247 INFO  [16220] [CServerManager::ParseModuleReportData@29282] SDK: Callback algorithm init register info end. ModuleID:[6], nType:[3221225472]

2026-05-26 15:45:16.249 INFO  [16220] [CServerManager::ParseLoadSolProgressInfo@28813] SDK: Cb load solution process:[75]

2026-05-26 15:45:16.249 INFO  [16220] [CServerManager::ParseGlobalProcessObjectInfo@33028] SDK: Cb global and process object information start.

2026-05-26 15:45:16.335 INFO  [16220] [CServerManager::ParseGlobalProcessObjectInfo@33042] SDK: Cb global and process object information end.

2026-05-26 15:45:16.335 INFO  [16220] [CServerManager::ParseLoadSolProgressInfo@28813] SDK: Cb load solution process:[85]

2026-05-26 15:45:16.335 INFO  [16220] [CServerManager::ParseLoadSolProgressInfo@28813] SDK: Cb load solution process:[90]

2026-05-26 15:45:16.335 INFO  [16220] [CServerManager::ParseLoadSolProgressInfo@28813] SDK: Cb load solution process:[100]

2026-05-26 15:45:16.335 INFO  [16220] [CServerManager::ParseLoadSolEndInfo@28662] SDK: Callback load solution end information start. nClientType:[1]; nStatus:[0]

2026-05-26 15:45:16.337 INFO  [16220] [CClientManager::PF_GetSolutionPath@9193] begin.

2026-05-26 15:45:16.337 INFO  [16220] [CServerManager::SM_GetSolutionPath@21223] start.

2026-05-26 15:45:16.337 INFO  [16220] [CServerManager::SM_GetSolutionPath@21329] end.

2026-05-26 15:45:16.337 INFO  [16220] [CClientManager::PF_GetSolutionPath@9241] end.

2026-05-26 15:45:16.339 INFO  [16220] [CServerManager::ParseLoadSolEndInfo@28675] SDK: Callback load solution end information end.

2026-05-26 15:45:16.339 INFO  [16220] [CServerManager::ParseExecuteAfterLoadInfo@30403] SDK: Callback execute state after load info start.

2026-05-26 15:45:16.339 INFO  [16220] [CServerManager::ParseExecuteAfterLoadInfo@30420] SDK: Callback execute state after load info end. State:[0]

2026-05-26 15:45:16.341 INFO  [20012] [CServerManager::SM_SetServerReadyEvent@13138] start

2026-05-26 15:45:16.341 INFO  [20012] [CServerManager::SM_SetServerReadyEvent@13151] end

2026-05-26 15:45:17.821 INFO  [20012] [CServerManager::SM_GetAllProcessList@5268] start

2026-05-26 15:45:17.821 INFO  [20012] [CServerManager::SM_GetAllProcessList@5394] end

2026-05-26 15:45:17.872 INFO  [20012] [CServerManager::SM_GetAllProcessList@5268] start

2026-05-26 15:45:17.872 INFO  [20012] [CServerManager::SM_GetAllProcessList@5394] end

2026-05-26 15:45:18.432 INFO  [20012] [CClientManager::CM_GetModuInputIOInfo@8473] begin.

2026-05-26 15:45:18.432 INFO  [20012] [CClientManager::CM_GetModuInputIOInfo@8515] new end

2026-05-26 15:45:18.432 INFO  [20012] [CClientManager::CM_GetModuInputIOInfo@8580] SM_DynamicGetBinaryData start.

2026-05-26 15:45:18.432 INFO  [20012] [CServerManager::SM_DynamicGetBinaryData@4583] start

2026-05-26 15:45:18.434 INFO  [20012] [CServerManager::SM_DynamicGetBinaryData@4642] SDK: SM_GetBinaryData nRecvBufLen: [170]

2026-05-26 15:45:18.434 INFO  [20012] [CServerManager::SM_DynamicGetBinaryData@4762] end

2026-05-26 15:45:18.434 INFO  [20012] [CClientManager::CM_GetModuInputIOInfo@8598] SM_DynamicGetBinaryData BinaryLength = [170]

2026-05-26 15:45:18.434 INFO  [20012] [CClientManager::GetIoNum@8369] Start

2026-05-26 15:45:18.434 INFO  [20012] [CClientManager::CM_GetModuInputIOInfo@8641] GetIoNum:[0]

2026-05-26 15:45:18.434 INFO  [20012] [CClientManager::CM_GetModuInputIOInfo@8687] end.

2026-05-26 15:45:18.434 INFO  [20012] [CClientManager::CM_GetModuOutputIOInfo@8693] begin.

2026-05-26 15:45:18.434 INFO  [20012] [CClientManager::CM_GetModuOutputIOInfo@8801] SM_DynamicGetBinaryData start.

2026-05-26 15:45:18.434 INFO  [20012] [CServerManager::SM_DynamicGetBinaryData@4583] start

2026-05-26 15:45:18.437 INFO  [20012] [CServerManager::SM_DynamicGetBinaryData@4642] SDK: SM_GetBinaryData nRecvBufLen: [12515]

2026-05-26 15:45:18.437 INFO  [20012] [CServerManager::SM_DynamicGetBinaryData@4762] end

2026-05-26 15:45:18.437 INFO  [20012] [CClientManager::CM_GetModuOutputIOInfo@8820] SM_DynamicGetBinaryData BinaryLength = [12515]

2026-05-26 15:45:18.437 INFO  [20012] [CClientManager::GetIoNum@8369] Start

2026-05-26 15:45:18.437 INFO  [20012] [CClientManager::CM_GetModuOutputIOInfo@8862] GetIoNum:[38]

2026-05-26 15:45:18.437 INFO  [20012] [CClientManager::CM_GetModuOutputIOInfo@8907] end.

2026-05-26 15:45:18.455 INFO  [20012] [CClientManager::CM_GetModuInputIOInfo@8473] begin.

2026-05-26 15:45:18.455 INFO  [20012] [CClientManager::CM_GetModuInputIOInfo@8515] new end

2026-05-26 15:45:18.455 INFO  [20012] [CClientManager::CM_GetModuInputIOInfo@8580] SM_DynamicGetBinaryData start.

2026-05-26 15:45:18.455 INFO  [20012] [CServerManager::SM_DynamicGetBinaryData@4583] start

2026-05-26 15:45:18.457 INFO  [20012] [CServerManager::SM_DynamicGetBinaryData@4642] SDK: SM_GetBinaryData nRecvBufLen: [1]

2026-05-26 15:45:18.457 INFO  [20012] [CServerManager::SM_DynamicGetBinaryData@4762] end

2026-05-26 15:45:18.457 INFO  [20012] [CClientManager::CM_GetModuInputIOInfo@8598] SM_DynamicGetBinaryData BinaryLength = [1]

2026-05-26 15:45:18.457 INFO  [20012] [CClientManager::CM_GetModuInputIOInfo@8687] end.

2026-05-26 15:45:18.457 INFO  [20012] [CClientManager::CM_GetModuOutputIOInfo@8693] begin.

2026-05-26 15:45:18.457 INFO  [20012] [CClientManager::CM_GetModuOutputIOInfo@8801] SM_DynamicGetBinaryData start.

2026-05-26 15:45:18.457 INFO  [20012] [CServerManager::SM_DynamicGetBinaryData@4583] start

2026-05-26 15:45:18.457 INFO  [20012] [CServerManager::SM_DynamicGetBinaryData@4642] SDK: SM_GetBinaryData nRecvBufLen: [1]

2026-05-26 15:45:18.457 INFO  [20012] [CServerManager::SM_DynamicGetBinaryData@4762] end

2026-05-26 15:45:18.457 INFO  [20012] [CClientManager::CM_GetModuOutputIOInfo@8820] SM_DynamicGetBinaryData BinaryLength = [1]

2026-05-26 15:45:18.457 INFO  [20012] [CClientManager::CM_GetModuOutputIOInfo@8907] end.

2026-05-26 15:45:18.459 INFO  [20012] [CClientManager::CM_GetModuInputIOInfo@8473] begin.

2026-05-26 15:45:18.459 INFO  [20012] [CClientManager::CM_GetModuInputIOInfo@8515] new end

2026-05-26 15:45:18.459 INFO  [20012] [CClientManager::CM_GetModuInputIOInfo@8580] SM_DynamicGetBinaryData start.

2026-05-26 15:45:18.459 INFO  [20012] [CServerManager::SM_DynamicGetBinaryData@4583] start

2026-05-26 15:45:18.459 INFO  [20012] [CServerManager::SM_DynamicGetBinaryData@4642] SDK: SM_GetBinaryData nRecvBufLen: [1]

2026-05-26 15:45:18.459 INFO  [20012] [CServerManager::SM_DynamicGetBinaryData@4762] end

2026-05-26 15:45:18.459 INFO  [20012] [CClientManager::CM_GetModuInputIOInfo@8598] SM_DynamicGetBinaryData BinaryLength = [1]

2026-05-26 15:45:18.459 INFO  [20012] [CClientManager::CM_GetModuInputIOInfo@8687] end.

2026-05-26 15:45:18.459 INFO  [20012] [CClientManager::CM_GetModuOutputIOInfo@8693] begin.

2026-05-26 15:45:18.459 INFO  [20012] [CClientManager::CM_GetModuOutputIOInfo@8801] SM_DynamicGetBinaryData start.

2026-05-26 15:45:18.459 INFO  [20012] [CServerManager::SM_DynamicGetBinaryData@4583] start

2026-05-26 15:45:18.461 INFO  [20012] [CServerManager::SM_DynamicGetBinaryData@4642] SDK: SM_GetBinaryData nRecvBufLen: [1]

2026-05-26 15:45:18.461 INFO  [20012] [CServerManager::SM_DynamicGetBinaryData@4762] end

2026-05-26 15:45:18.461 INFO  [20012] [CClientManager::CM_GetModuOutputIOInfo@8820] SM_DynamicGetBinaryData BinaryLength = [1]

2026-05-26 15:45:18.461 INFO  [20012] [CClientManager::CM_GetModuOutputIOInfo@8907] end.

2026-05-26 15:45:18.461 INFO  [20012] [CServerManager::SM_GetAllGlobalModule@17598] start.

2026-05-26 15:45:18.461 INFO  [20012] [CServerManager::SM_GetAllGlobalModule@17727] end.

2026-05-26 15:45:18.482 INFO  [20012] [CClientManager::CM_GetModuInputIOInfo@8473] begin.

2026-05-26 15:45:18.482 INFO  [20012] [CClientManager::CM_GetModuInputIOInfo@8515] new end

2026-05-26 15:45:18.482 INFO  [20012] [CClientManager::CM_GetModuInputIOInfo@8580] SM_DynamicGetBinaryData start.

2026-05-26 15:45:18.482 INFO  [20012] [CServerManager::SM_DynamicGetBinaryData@4583] start

2026-05-26 15:45:18.484 INFO  [20012] [CServerManager::SM_DynamicGetBinaryData@4642] SDK: SM_GetBinaryData nRecvBufLen: [1]

2026-05-26 15:45:18.484 INFO  [20012] [CServerManager::SM_DynamicGetBinaryData@4762] end

2026-05-26 15:45:18.484 INFO  [20012] [CClientManager::CM_GetModuInputIOInfo@8598] SM_DynamicGetBinaryData BinaryLength = [1]

2026-05-26 15:45:18.484 INFO  [20012] [CClientManager::CM_GetModuInputIOInfo@8687] end.

2026-05-26 15:45:18.484 INFO  [20012] [CClientManager::CM_GetModuOutputIOInfo@8693] begin.

2026-05-26 15:45:18.484 INFO  [20012] [CClientManager::CM_GetModuOutputIOInfo@8801] SM_DynamicGetBinaryData start.

2026-05-26 15:45:18.484 INFO  [20012] [CServerManager::SM_DynamicGetBinaryData@4583] start

2026-05-26 15:45:18.484 INFO  [20012] [CServerManager::SM_DynamicGetBinaryData@4642] SDK: SM_GetBinaryData nRecvBufLen: [1]

2026-05-26 15:45:18.484 INFO  [20012] [CServerManager::SM_DynamicGetBinaryData@4762] end

2026-05-26 15:45:18.484 INFO  [20012] [CClientManager::CM_GetModuOutputIOInfo@8820] SM_DynamicGetBinaryData BinaryLength = [1]

2026-05-26 15:45:18.484 INFO  [20012] [CClientManager::CM_GetModuOutputIOInfo@8907] end.

2026-05-26 15:45:18.492 INFO  [20012] [CClientManager::CM_GetModuInputIOInfo@8473] begin.

2026-05-26 15:45:18.492 INFO  [20012] [CClientManager::CM_GetModuInputIOInfo@8515] new end

2026-05-26 15:45:18.492 INFO  [20012] [CClientManager::CM_GetModuInputIOInfo@8580] SM_DynamicGetBinaryData start.

2026-05-26 15:45:18.492 INFO  [20012] [CServerManager::SM_DynamicGetBinaryData@4583] start

2026-05-26 15:45:18.494 INFO  [20012] [CServerManager::SM_DynamicGetBinaryData@4642] SDK: SM_GetBinaryData nRecvBufLen: [1]

2026-05-26 15:45:18.494 INFO  [20012] [CServerManager::SM_DynamicGetBinaryData@4762] end

2026-05-26 15:45:18.494 INFO  [20012] [CClientManager::CM_GetModuInputIOInfo@8598] SM_DynamicGetBinaryData BinaryLength = [1]

2026-05-26 15:45:18.494 INFO  [20012] [CClientManager::CM_GetModuInputIOInfo@8687] end.

2026-05-26 15:45:18.494 INFO  [20012] [CClientManager::CM_GetModuOutputIOInfo@8693] begin.

2026-05-26 15:45:18.494 INFO  [20012] [CClientManager::CM_GetModuOutputIOInfo@8801] SM_DynamicGetBinaryData start.

2026-05-26 15:45:18.494 INFO  [20012] [CServerManager::SM_DynamicGetBinaryData@4583] start

2026-05-26 15:45:18.494 INFO  [20012] [CServerManager::SM_DynamicGetBinaryData@4642] SDK: SM_GetBinaryData nRecvBufLen: [1]

2026-05-26 15:45:18.494 INFO  [20012] [CServerManager::SM_DynamicGetBinaryData@4762] end

2026-05-26 15:45:18.494 INFO  [20012] [CClientManager::CM_GetModuOutputIOInfo@8820] SM_DynamicGetBinaryData BinaryLength = [1]

2026-05-26 15:45:18.494 INFO  [20012] [CClientManager::CM_GetModuOutputIOInfo@8907] end.

2026-05-26 15:45:18.502 INFO  [20012] [CClientManager::CM_GetModuInputIOInfo@8473] begin.

2026-05-26 15:45:18.502 INFO  [20012] [CClientManager::CM_GetModuInputIOInfo@8515] new end

2026-05-26 15:45:18.502 INFO  [20012] [CClientManager::CM_GetModuInputIOInfo@8580] SM_DynamicGetBinaryData start.

2026-05-26 15:45:18.502 INFO  [20012] [CServerManager::SM_DynamicGetBinaryData@4583] start

2026-05-26 15:45:18.502 INFO  [20012] [CServerManager::SM_DynamicGetBinaryData@4642] SDK: SM_GetBinaryData nRecvBufLen: [1]

2026-05-26 15:45:18.502 INFO  [20012] [CServerManager::SM_DynamicGetBinaryData@4762] end

2026-05-26 15:45:18.502 INFO  [20012] [CClientManager::CM_GetModuInputIOInfo@8598] SM_DynamicGetBinaryData BinaryLength = [1]

2026-05-26 15:45:18.502 INFO  [20012] [CClientManager::CM_GetModuInputIOInfo@8687] end.

2026-05-26 15:45:18.502 INFO  [20012] [CClientManager::CM_GetModuOutputIOInfo@8693] begin.

2026-05-26 15:45:18.502 INFO  [20012] [CClientManager::CM_GetModuOutputIOInfo@8801] SM_DynamicGetBinaryData start.

2026-05-26 15:45:18.502 INFO  [20012] [CServerManager::SM_DynamicGetBinaryData@4583] start

2026-05-26 15:45:18.504 INFO  [20012] [CServerManager::SM_DynamicGetBinaryData@4642] SDK: SM_GetBinaryData nRecvBufLen: [1666]

2026-05-26 15:45:18.504 INFO  [20012] [CServerManager::SM_DynamicGetBinaryData@4762] end

2026-05-26 15:45:18.504 INFO  [20012] [CClientManager::CM_GetModuOutputIOInfo@8820] SM_DynamicGetBinaryData BinaryLength = [1666]

2026-05-26 15:45:18.504 INFO  [20012] [CClientManager::GetIoNum@8369] Start

2026-05-26 15:45:18.504 INFO  [20012] [CClientManager::CM_GetModuOutputIOInfo@8862] GetIoNum:[5]

2026-05-26 15:45:18.504 INFO  [20012] [CClientManager::CM_GetModuOutputIOInfo@8907] end.

2026-05-26 15:45:18.506 INFO  [20012] [CServerManager::SM_GetBinaryLength@4230] start

2026-05-26 15:45:18.506 INFO  [20012] [CServerManager::SM_GetBinaryLength@4260] SDK: SM_GetBinaryLength Name:[GlobalValueList]; nRecvWaitTime:[3000]

2026-05-26 15:45:18.512 INFO  [20012] [CServerManager::SM_GetBinaryLength@4382] SDK: nBinaryLength: [10813460]

2026-05-26 15:45:18.512 INFO  [20012] [CServerManager::SM_GetBinaryLength@4391] end

2026-05-26 15:45:18.512 INFO  [20012] [CServerManager::SM_GetBinaryData@4399] start

2026-05-26 15:45:18.534 INFO  [20012] [CServerManager::SM_GetBinaryData@4575] end

2026-05-26 15:45:18.584 INFO  [20012] [CServerManager::SM_SetModuOutputIOInfo@19412] start

2026-05-26 15:45:18.584 INFO  [20012] [CServerManager::SM_DynamicSetBinaryData@4053] start

2026-05-26 15:45:18.584 INFO  [20012] [CServerManager::SM_DynamicSetBinaryData@4073] SDK:Id[13000] param name:[DynamicOutData]; nBinaryLenth:[1947]; nRecvWaitTime:[5000]

2026-05-26 15:45:18.584 INFO  [20012] [CServerManager::SM_DynamicSetBinaryData@4107] SDK: Write buffer length:[1992]

2026-05-26 15:45:18.584 INFO  [20012] [CServerManager::SM_DynamicSetBinaryData@4125] SDK: nRecvBufLen:[2]

2026-05-26 15:45:18.584 INFO  [20012] [CServerManager::SM_DynamicSetBinaryData@4222] end

2026-05-26 15:45:18.584 INFO  [20012] [CServerManager::SM_SetModuOutputIOInfo@19488] end

2026-05-26 15:45:18.586 INFO  [20012] [CServerManager::SM_SetModuOutputIOInfo@19412] start

2026-05-26 15:45:18.586 INFO  [20012] [CServerManager::SM_DynamicSetBinaryData@4053] start

2026-05-26 15:45:18.586 INFO  [20012] [CServerManager::SM_DynamicSetBinaryData@4073] SDK:Id[13000] param name:[DynamicOutData]; nBinaryLenth:[2228]; nRecvWaitTime:[5000]

2026-05-26 15:45:18.586 INFO  [20012] [CServerManager::SM_DynamicSetBinaryData@4107] SDK: Write buffer length:[2273]

2026-05-26 15:45:18.586 INFO  [20012] [CServerManager::SM_DynamicSetBinaryData@4125] SDK: nRecvBufLen:[2]

2026-05-26 15:45:18.586 INFO  [20012] [CServerManager::SM_DynamicSetBinaryData@4222] end

2026-05-26 15:45:18.586 INFO  [20012] [CServerManager::SM_SetModuOutputIOInfo@19488] end

2026-05-26 15:45:18.586 INFO  [20012] [CServerManager::SM_SetModuOutputIOInfo@19412] start

2026-05-26 15:45:18.586 INFO  [20012] [CServerManager::SM_DynamicSetBinaryData@4053] start

2026-05-26 15:45:18.586 INFO  [20012] [CServerManager::SM_DynamicSetBinaryData@4073] SDK:Id[13000] param name:[DynamicOutData]; nBinaryLenth:[2509]; nRecvWaitTime:[5000]

2026-05-26 15:45:18.586 INFO  [20012] [CServerManager::SM_DynamicSetBinaryData@4107] SDK: Write buffer length:[2554]

2026-05-26 15:45:18.588 INFO  [20012] [CServerManager::SM_DynamicSetBinaryData@4125] SDK: nRecvBufLen:[2]

2026-05-26 15:45:18.588 INFO  [20012] [CServerManager::SM_DynamicSetBinaryData@4222] end

2026-05-26 15:45:18.588 INFO  [20012] [CServerManager::SM_SetModuOutputIOInfo@19488] end

2026-05-26 15:45:18.592 INFO  [20012] [CServerManager::SM_GetMultiModuleSubscribe@17433] start.

2026-05-26 15:45:18.592 WARN  [20012] [CServerManager::SM_GetMultiModuleSubscribe@17535] Server: Parse get module subscribe in process information fail. []

2026-05-26 15:45:18.592 WARN  [20012] [CServerManager::SM_GetMultiModuleSubscribe@17536] SDK: The number of module subscribe info is 0.

2026-05-26 15:45:18.592 INFO  [20012] [CServerManager::SM_GetMultiModuleSubscribe@17592] end.

2026-05-26 15:45:18.592 INFO  [20012] [CServerManager::SM_SetModuOutputIOInfo@19412] start

2026-05-26 15:45:18.592 INFO  [20012] [CServerManager::SM_DynamicSetBinaryData@4053] start

2026-05-26 15:45:18.592 INFO  [20012] [CServerManager::SM_DynamicSetBinaryData@4073] SDK:Id[13000] param name:[DynamicOutData]; nBinaryLenth:[2227]; nRecvWaitTime:[5000]

2026-05-26 15:45:18.592 INFO  [20012] [CServerManager::SM_DynamicSetBinaryData@4107] SDK: Write buffer length:[2272]

2026-05-26 15:45:18.594 INFO  [20012] [CServerManager::SM_DynamicSetBinaryData@4125] SDK: nRecvBufLen:[2]

2026-05-26 15:45:18.594 INFO  [20012] [CServerManager::SM_DynamicSetBinaryData@4222] end

2026-05-26 15:45:18.594 INFO  [20012] [CServerManager::SM_SetModuOutputIOInfo@19488] end

2026-05-26 15:45:18.602 INFO  [20012] [CClientManager::CM_GetModuInputIOInfo@8473] begin.

2026-05-26 15:45:18.602 INFO  [20012] [CClientManager::CM_GetModuInputIOInfo@8515] new end

2026-05-26 15:45:18.602 INFO  [20012] [CClientManager::CM_GetModuInputIOInfo@8580] SM_DynamicGetBinaryData start.

2026-05-26 15:45:18.602 INFO  [20012] [CServerManager::SM_DynamicGetBinaryData@4583] start

2026-05-26 15:45:18.604 INFO  [20012] [CServerManager::SM_DynamicGetBinaryData@4642] SDK: SM_GetBinaryData nRecvBufLen: [1]

2026-05-26 15:45:18.604 INFO  [20012] [CServerManager::SM_DynamicGetBinaryData@4762] end

2026-05-26 15:45:18.604 INFO  [20012] [CClientManager::CM_GetModuInputIOInfo@8598] SM_DynamicGetBinaryData BinaryLength = [1]

2026-05-26 15:45:18.604 INFO  [20012] [CClientManager::CM_GetModuInputIOInfo@8687] end.

2026-05-26 15:45:18.604 INFO  [20012] [CClientManager::CM_GetModuOutputIOInfo@8693] begin.

2026-05-26 15:45:18.604 INFO  [20012] [CClientManager::CM_GetModuOutputIOInfo@8801] SM_DynamicGetBinaryData start.

2026-05-26 15:45:18.604 INFO  [20012] [CServerManager::SM_DynamicGetBinaryData@4583] start

2026-05-26 15:45:18.606 INFO  [20012] [CServerManager::SM_DynamicGetBinaryData@4642] SDK: SM_GetBinaryData nRecvBufLen: [1]

2026-05-26 15:45:18.606 INFO  [20012] [CServerManager::SM_DynamicGetBinaryData@4762] end

2026-05-26 15:45:18.606 INFO  [20012] [CClientManager::CM_GetModuOutputIOInfo@8820] SM_DynamicGetBinaryData BinaryLength = [1]

2026-05-26 15:45:18.606 INFO  [20012] [CClientManager::CM_GetModuOutputIOInfo@8907] end.

2026-05-26 15:45:18.610 INFO  [20012] [CServerManager::SM_FuzzyQueryUIParamValue@17802] start.

2026-05-26 15:45:18.610 INFO  [20012] [CServerManager::SM_FuzzyQueryUIParamValue@17869] SDK: FuzzyQueryUIParamValue name:[SourceIndex], nRecvBufLen:[73]

2026-05-26 15:45:18.610 INFO  [20012] [CServerManager::SM_FuzzyQueryUIParamValue@17952] end.

2026-05-26 15:45:18.610 INFO  [20012] [CServerManager::SM_FuzzyQueryUIParamValue@17802] start.

2026-05-26 15:45:18.610 INFO  [20012] [CServerManager::SM_FuzzyQueryUIParamValue@17869] SDK: FuzzyQueryUIParamValue name:[TargetIndex], nRecvBufLen:[73]

2026-05-26 15:45:18.610 INFO  [20012] [CServerManager::SM_FuzzyQueryUIParamValue@17952] end.

2026-05-26 15:45:18.610 INFO  [20012] [CServerManager::SM_FuzzyQueryUIParamValue@17802] start.

2026-05-26 15:45:18.610 INFO  [20012] [CServerManager::SM_FuzzyQueryUIParamValue@17869] SDK: FuzzyQueryUIParamValue name:[Position], nRecvBufLen:[14]

2026-05-26 15:45:18.610 ERROR [20012] [CServerManager::SM_FuzzyQueryUIParamValue@17904] SDK: Parse server protocol fail. msg:[Err*-536870911]

2026-05-26 15:45:18.610 ERROR [20012] [CServerManager::SM_FuzzyQueryUIParamValue@17942] catch... nRet = [e0000001]

2026-05-26 15:45:18.612 INFO  [20012] [CServerManager::SM_GetMultiModuEnableState@6081] start

2026-05-26 15:45:18.612 INFO  [20012] [CServerManager::SM_GetMultiModuEnableState@6193] end

2026-05-26 15:45:18.975 INFO  [20012] [CServerManager::SM_GetUIParamValueByObject@14146] start.

2026-05-26 15:45:18.975 INFO  [20012] [CServerManager::SM_GetUIParamValueByObject@14214] SDK: DataType size:[1]

2026-05-26 15:45:18.975 INFO  [20012] [CServerManager::SM_GetUIParamValueByObject@14291] end.

2026-05-26 15:45:19.004 INFO  [20012] [CServerManager::SM_GetProcedureShieldGlobalCtrl@5922] start

2026-05-26 15:45:19.006 INFO  [20012] [CServerManager::SM_GetProcedureShieldGlobalCtrl@5999] end

2026-05-26 15:45:19.010 INFO  [20012] [CServerManager::SM_SetReportModuleResult@14762] start.

2026-05-26 15:45:19.012 INFO  [20012] [CServerManager::SM_SetReportModuleResult@14839] end.

2026-05-26 15:45:19.024 INFO  [20012] [CServerManager::SM_GetFirstLayerModuleTree@14297] start.

2026-05-26 15:45:19.024 INFO  [20012] [CServerManager::SM_GetFirstLayerModuleTree@14416] end.

2026-05-26 15:45:19.038 INFO  [20012] [CClientManager::CM_GetModuInputIOInfo@8473] begin.

2026-05-26 15:45:19.038 INFO  [20012] [CClientManager::CM_GetModuInputIOInfo@8515] new end

2026-05-26 15:45:19.038 INFO  [20012] [CClientManager::CM_GetModuInputIOInfo@8580] SM_DynamicGetBinaryData start.

2026-05-26 15:45:19.038 INFO  [20012] [CServerManager::SM_DynamicGetBinaryData@4583] start

2026-05-26 15:45:19.040 INFO  [20012] [CServerManager::SM_DynamicGetBinaryData@4642] SDK: SM_GetBinaryData nRecvBufLen: [521]

2026-05-26 15:45:19.040 INFO  [20012] [CServerManager::SM_DynamicGetBinaryData@4762] end

2026-05-26 15:45:19.040 INFO  [20012] [CClientManager::CM_GetModuInputIOInfo@8598] SM_DynamicGetBinaryData BinaryLength = [521]

2026-05-26 15:45:19.040 INFO  [20012] [CClientManager::GetIoNum@8369] Start

2026-05-26 15:45:19.040 INFO  [20012] [CClientManager::CM_GetModuInputIOInfo@8641] GetIoNum:[4]

2026-05-26 15:45:19.040 INFO  [20012] [CClientManager::CM_GetModuInputIOInfo@8687] end.

2026-05-26 15:45:19.040 INFO  [20012] [CClientManager::CM_GetModuOutputIOInfo@8693] begin.

2026-05-26 15:45:19.040 INFO  [20012] [CClientManager::CM_GetModuOutputIOInfo@8801] SM_DynamicGetBinaryData start.

2026-05-26 15:45:19.040 INFO  [20012] [CServerManager::SM_DynamicGetBinaryData@4583] start

2026-05-26 15:45:19.040 INFO  [20012] [CServerManager::SM_DynamicGetBinaryData@4642] SDK: SM_GetBinaryData nRecvBufLen: [1996]

2026-05-26 15:45:19.040 INFO  [20012] [CServerManager::SM_DynamicGetBinaryData@4762] end

2026-05-26 15:45:19.040 INFO  [20012] [CClientManager::CM_GetModuOutputIOInfo@8820] SM_DynamicGetBinaryData BinaryLength = [1996]

2026-05-26 15:45:19.040 INFO  [20012] [CClientManager::GetIoNum@8369] Start

2026-05-26 15:45:19.040 INFO  [20012] [CClientManager::CM_GetModuOutputIOInfo@8862] GetIoNum:[7]

2026-05-26 15:45:19.040 INFO  [20012] [CClientManager::CM_GetModuOutputIOInfo@8907] end.

2026-05-26 15:45:19.060 INFO  [20012] [CClientManager::CM_GetModuInputIOInfo@8473] begin.

2026-05-26 15:45:19.060 INFO  [20012] [CClientManager::CM_GetModuInputIOInfo@8515] new end

2026-05-26 15:45:19.060 INFO  [20012] [CClientManager::CM_GetModuInputIOInfo@8580] SM_DynamicGetBinaryData start.

2026-05-26 15:45:19.060 INFO  [20012] [CServerManager::SM_DynamicGetBinaryData@4583] start

2026-05-26 15:45:19.062 INFO  [20012] [CServerManager::SM_DynamicGetBinaryData@4642] SDK: SM_GetBinaryData nRecvBufLen: [4752]

2026-05-26 15:45:19.062 INFO  [20012] [CServerManager::SM_DynamicGetBinaryData@4762] end

2026-05-26 15:45:19.062 INFO  [20012] [CClientManager::CM_GetModuInputIOInfo@8598] SM_DynamicGetBinaryData BinaryLength = [4752]

2026-05-26 15:45:19.062 INFO  [20012] [CClientManager::GetIoNum@8369] Start

2026-05-26 15:45:19.062 INFO  [20012] [CClientManager::CM_GetModuInputIOInfo@8641] GetIoNum:[8]

2026-05-26 15:45:19.062 INFO  [20012] [CClientManager::CM_GetModuInputIOInfo@8687] end.

2026-05-26 15:45:19.062 INFO  [20012] [CClientManager::CM_GetModuOutputIOInfo@8693] begin.

2026-05-26 15:45:19.062 INFO  [20012] [CClientManager::CM_GetModuOutputIOInfo@8801] SM_DynamicGetBinaryData start.

2026-05-26 15:45:19.062 INFO  [20012] [CServerManager::SM_DynamicGetBinaryData@4583] start

2026-05-26 15:45:19.062 INFO  [20012] [CServerManager::SM_DynamicGetBinaryData@4642] SDK: SM_GetBinaryData nRecvBufLen: [1222]

2026-05-26 15:45:19.062 INFO  [20012] [CServerManager::SM_DynamicGetBinaryData@4762] end

2026-05-26 15:45:19.062 INFO  [20012] [CClientManager::CM_GetModuOutputIOInfo@8820] SM_DynamicGetBinaryData BinaryLength = [1222]

2026-05-26 15:45:19.062 INFO  [20012] [CClientManager::GetIoNum@8369] Start

2026-05-26 15:45:19.062 INFO  [20012] [CClientManager::CM_GetModuOutputIOInfo@8862] GetIoNum:[6]

2026-05-26 15:45:19.064 INFO  [20012] [CClientManager::CM_GetModuOutputIOInfo@8907] end.

2026-05-26 15:45:19.082 INFO  [20012] [CClientManager::CM_GetModuInputIOInfo@8473] begin.

2026-05-26 15:45:19.082 INFO  [20012] [CClientManager::CM_GetModuInputIOInfo@8515] new end

2026-05-26 15:45:19.082 INFO  [20012] [CClientManager::CM_GetModuInputIOInfo@8580] SM_DynamicGetBinaryData start.

2026-05-26 15:45:19.082 INFO  [20012] [CServerManager::SM_DynamicGetBinaryData@4583] start

2026-05-26 15:45:19.082 INFO  [20012] [CServerManager::SM_DynamicGetBinaryData@4642] SDK: SM_GetBinaryData nRecvBufLen: [2990]

2026-05-26 15:45:19.082 INFO  [20012] [CServerManager::SM_DynamicGetBinaryData@4762] end

2026-05-26 15:45:19.082 INFO  [20012] [CClientManager::CM_GetModuInputIOInfo@8598] SM_DynamicGetBinaryData BinaryLength = [2990]

2026-05-26 15:45:19.082 INFO  [20012] [CClientManager::GetIoNum@8369] Start

2026-05-26 15:45:19.082 INFO  [20012] [CClientManager::CM_GetModuInputIOInfo@8641] GetIoNum:[4]

2026-05-26 15:45:19.082 INFO  [20012] [CClientManager::CM_GetModuInputIOInfo@8687] end.

2026-05-26 15:45:19.084 INFO  [20012] [CClientManager::CM_GetModuOutputIOInfo@8693] begin.

2026-05-26 15:45:19.084 INFO  [20012] [CClientManager::CM_GetModuOutputIOInfo@8801] SM_DynamicGetBinaryData start.

2026-05-26 15:45:19.084 INFO  [20012] [CServerManager::SM_DynamicGetBinaryData@4583] start

2026-05-26 15:45:19.084 INFO  [20012] [CServerManager::SM_DynamicGetBinaryData@4642] SDK: SM_GetBinaryData nRecvBufLen: [5465]

2026-05-26 15:45:19.084 INFO  [20012] [CServerManager::SM_DynamicGetBinaryData@4762] end

2026-05-26 15:45:19.084 INFO  [20012] [CClientManager::CM_GetModuOutputIOInfo@8820] SM_DynamicGetBinaryData BinaryLength = [5465]

2026-05-26 15:45:19.084 INFO  [20012] [CClientManager::GetIoNum@8369] Start

2026-05-26 15:45:19.084 INFO  [20012] [CClientManager::CM_GetModuOutputIOInfo@8862] GetIoNum:[15]

2026-05-26 15:45:19.084 INFO  [20012] [CClientManager::CM_GetModuOutputIOInfo@8907] end.

2026-05-26 15:45:19.096 INFO  [20012] [CClientManager::CM_GetModuInputIOInfo@8473] begin.

2026-05-26 15:45:19.096 INFO  [20012] [CClientManager::CM_GetModuInputIOInfo@8515] new end

2026-05-26 15:45:19.096 INFO  [20012] [CClientManager::CM_GetModuInputIOInfo@8580] SM_DynamicGetBinaryData start.

2026-05-26 15:45:19.096 INFO  [20012] [CServerManager::SM_DynamicGetBinaryData@4583] start

2026-05-26 15:45:19.098 INFO  [20012] [CServerManager::SM_DynamicGetBinaryData@4642] SDK: SM_GetBinaryData nRecvBufLen: [3830]

2026-05-26 15:45:19.098 INFO  [20012] [CServerManager::SM_DynamicGetBinaryData@4762] end

2026-05-26 15:45:19.098 INFO  [20012] [CClientManager::CM_GetModuInputIOInfo@8598] SM_DynamicGetBinaryData BinaryLength = [3830]

2026-05-26 15:45:19.098 INFO  [20012] [CClientManager::GetIoNum@8369] Start

2026-05-26 15:45:19.098 INFO  [20012] [CClientManager::CM_GetModuInputIOInfo@8641] GetIoNum:[5]

2026-05-26 15:45:19.098 INFO  [20012] [CClientManager::CM_GetModuInputIOInfo@8687] end.

2026-05-26 15:45:19.098 INFO  [20012] [CClientManager::CM_GetModuOutputIOInfo@8693] begin.

2026-05-26 15:45:19.098 INFO  [20012] [CClientManager::CM_GetModuOutputIOInfo@8801] SM_DynamicGetBinaryData start.

2026-05-26 15:45:19.098 INFO  [20012] [CServerManager::SM_DynamicGetBinaryData@4583] start

2026-05-26 15:45:19.100 INFO  [20012] [CServerManager::SM_DynamicGetBinaryData@4642] SDK: SM_GetBinaryData nRecvBufLen: [7376]

2026-05-26 15:45:19.100 INFO  [20012] [CServerManager::SM_DynamicGetBinaryData@4762] end

2026-05-26 15:45:19.100 INFO  [20012] [CClientManager::CM_GetModuOutputIOInfo@8820] SM_DynamicGetBinaryData BinaryLength = [7376]

2026-05-26 15:45:19.100 INFO  [20012] [CClientManager::GetIoNum@8369] Start

2026-05-26 15:45:19.100 INFO  [20012] [CClientManager::CM_GetModuOutputIOInfo@8862] GetIoNum:[9]

2026-05-26 15:45:19.100 INFO  [20012] [CClientManager::CM_GetModuOutputIOInfo@8907] end.

2026-05-26 15:45:19.116 INFO  [20012] [CClientManager::CM_GetModuInputIOInfo@8473] begin.

2026-05-26 15:45:19.116 INFO  [20012] [CClientManager::CM_GetModuInputIOInfo@8515] new end

2026-05-26 15:45:19.116 INFO  [20012] [CClientManager::CM_GetModuInputIOInfo@8580] SM_DynamicGetBinaryData start.

2026-05-26 15:45:19.116 INFO  [20012] [CServerManager::SM_DynamicGetBinaryData@4583] start

2026-05-26 15:45:19.118 INFO  [20012] [CServerManager::SM_DynamicGetBinaryData@4642] SDK: SM_GetBinaryData nRecvBufLen: [3223]

2026-05-26 15:45:19.118 INFO  [20012] [CServerManager::SM_DynamicGetBinaryData@4762] end

2026-05-26 15:45:19.118 INFO  [20012] [CClientManager::CM_GetModuInputIOInfo@8598] SM_DynamicGetBinaryData BinaryLength = [3223]

2026-05-26 15:45:19.118 INFO  [20012] [CClientManager::GetIoNum@8369] Start

2026-05-26 15:45:19.118 INFO  [20012] [CClientManager::CM_GetModuInputIOInfo@8641] GetIoNum:[3]

2026-05-26 15:45:19.118 INFO  [20012] [CClientManager::CM_GetModuInputIOInfo@8687] end.

2026-05-26 15:45:19.118 INFO  [20012] [CClientManager::CM_GetModuOutputIOInfo@8693] begin.

2026-05-26 15:45:19.118 INFO  [20012] [CClientManager::CM_GetModuOutputIOInfo@8801] SM_DynamicGetBinaryData start.

2026-05-26 15:45:19.118 INFO  [20012] [CServerManager::SM_DynamicGetBinaryData@4583] start

2026-05-26 15:45:19.118 INFO  [20012] [CServerManager::SM_DynamicGetBinaryData@4642] SDK: SM_GetBinaryData nRecvBufLen: [4804]

2026-05-26 15:45:19.118 INFO  [20012] [CServerManager::SM_DynamicGetBinaryData@4762] end

2026-05-26 15:45:19.118 INFO  [20012] [CClientManager::CM_GetModuOutputIOInfo@8820] SM_DynamicGetBinaryData BinaryLength = [4804]

2026-05-26 15:45:19.118 INFO  [20012] [CClientManager::GetIoNum@8369] Start

2026-05-26 15:45:19.120 INFO  [20012] [CClientManager::CM_GetModuOutputIOInfo@8862] GetIoNum:[15]

2026-05-26 15:45:19.120 INFO  [20012] [CClientManager::CM_GetModuOutputIOInfo@8907] end.

2026-05-26 15:45:19.142 INFO  [20012] [CClientManager::CM_GetModuInputIOInfo@8473] begin.

2026-05-26 15:45:19.142 INFO  [20012] [CClientManager::CM_GetModuInputIOInfo@8515] new end

2026-05-26 15:45:19.142 INFO  [20012] [CClientManager::CM_GetModuInputIOInfo@8580] SM_DynamicGetBinaryData start.

2026-05-26 15:45:19.142 INFO  [20012] [CServerManager::SM_DynamicGetBinaryData@4583] start

2026-05-26 15:45:19.144 INFO  [20012] [CServerManager::SM_DynamicGetBinaryData@4642] SDK: SM_GetBinaryData nRecvBufLen: [787]

2026-05-26 15:45:19.144 INFO  [20012] [CServerManager::SM_DynamicGetBinaryData@4762] end

2026-05-26 15:45:19.144 INFO  [20012] [CClientManager::CM_GetModuInputIOInfo@8598] SM_DynamicGetBinaryData BinaryLength = [787]

2026-05-26 15:45:19.144 INFO  [20012] [CClientManager::GetIoNum@8369] Start

2026-05-26 15:45:19.144 INFO  [20012] [CClientManager::CM_GetModuInputIOInfo@8641] GetIoNum:[2]

2026-05-26 15:45:19.144 INFO  [20012] [CClientManager::CM_GetModuInputIOInfo@8687] end.

2026-05-26 15:45:19.144 INFO  [20012] [CClientManager::CM_GetModuOutputIOInfo@8693] begin.

2026-05-26 15:45:19.144 INFO  [20012] [CClientManager::CM_GetModuOutputIOInfo@8801] SM_DynamicGetBinaryData start.

2026-05-26 15:45:19.144 INFO  [20012] [CServerManager::SM_DynamicGetBinaryData@4583] start

2026-05-26 15:45:19.144 INFO  [20012] [CServerManager::SM_DynamicGetBinaryData@4642] SDK: SM_GetBinaryData nRecvBufLen: [2371]

2026-05-26 15:45:19.144 INFO  [20012] [CServerManager::SM_DynamicGetBinaryData@4762] end

2026-05-26 15:45:19.144 INFO  [20012] [CClientManager::CM_GetModuOutputIOInfo@8820] SM_DynamicGetBinaryData BinaryLength = [2371]

2026-05-26 15:45:19.144 INFO  [20012] [CClientManager::GetIoNum@8369] Start

2026-05-26 15:45:19.144 INFO  [20012] [CClientManager::CM_GetModuOutputIOInfo@8862] GetIoNum:[7]

2026-05-26 15:45:19.144 INFO  [20012] [CClientManager::CM_GetModuOutputIOInfo@8907] end.

2026-05-26 15:45:19.166 INFO  [20012] [CClientManager::CM_GetModuInputIOInfo@8473] begin.

2026-05-26 15:45:19.166 INFO  [20012] [CClientManager::CM_GetModuInputIOInfo@8515] new end

2026-05-26 15:45:19.166 INFO  [20012] [CClientManager::CM_GetModuInputIOInfo@8580] SM_DynamicGetBinaryData start.

2026-05-26 15:45:19.166 INFO  [20012] [CServerManager::SM_DynamicGetBinaryData@4583] start

2026-05-26 15:45:19.168 INFO  [20012] [CServerManager::SM_DynamicGetBinaryData@4642] SDK: SM_GetBinaryData nRecvBufLen: [491]

2026-05-26 15:45:19.168 INFO  [20012] [CServerManager::SM_DynamicGetBinaryData@4762] end

2026-05-26 15:45:19.168 INFO  [20012] [CClientManager::CM_GetModuInputIOInfo@8598] SM_DynamicGetBinaryData BinaryLength = [491]

2026-05-26 15:45:19.168 INFO  [20012] [CClientManager::GetIoNum@8369] Start

2026-05-26 15:45:19.168 INFO  [20012] [CClientManager::CM_GetModuInputIOInfo@8641] GetIoNum:[1]

2026-05-26 15:45:19.168 INFO  [20012] [CClientManager::CM_GetModuInputIOInfo@8687] end.

2026-05-26 15:45:19.168 INFO  [20012] [CClientManager::CM_GetModuOutputIOInfo@8693] begin.

2026-05-26 15:45:19.168 INFO  [20012] [CClientManager::CM_GetModuOutputIOInfo@8801] SM_DynamicGetBinaryData start.

2026-05-26 15:45:19.168 INFO  [20012] [CServerManager::SM_DynamicGetBinaryData@4583] start

2026-05-26 15:45:19.168 INFO  [20012] [CServerManager::SM_DynamicGetBinaryData@4642] SDK: SM_GetBinaryData nRecvBufLen: [264]

2026-05-26 15:45:19.168 INFO  [20012] [CServerManager::SM_DynamicGetBinaryData@4762] end

2026-05-26 15:45:19.168 INFO  [20012] [CClientManager::CM_GetModuOutputIOInfo@8820] SM_DynamicGetBinaryData BinaryLength = [264]

2026-05-26 15:45:19.168 INFO  [20012] [CClientManager::GetIoNum@8369] Start

2026-05-26 15:45:19.168 INFO  [20012] [CClientManager::CM_GetModuOutputIOInfo@8862] GetIoNum:[2]

2026-05-26 15:45:19.168 INFO  [20012] [CClientManager::CM_GetModuOutputIOInfo@8907] end.

2026-05-26 15:45:19.170 INFO  [20012] [CServerManager::SM_QueryModuleRunningState@15055] start.

2026-05-26 15:45:19.170 INFO  [20012] [CServerManager::SM_QueryModuleRunningState@15065] SDK: SM_QueryModuleRunningState nModuleNum:[7]

2026-05-26 15:45:19.172 INFO  [20012] [CServerManager::SM_QueryModuleRunningState@15111] SDK: SM_QueryModuleRunningState nRecvBufLen:[2043]

2026-05-26 15:45:19.172 INFO  [20012] [CServerManager::SM_QueryModuleRunningState@15173] end.

2026-05-26 15:45:19.172 INFO  [20012] [CServerManager::SM_FuzzyQueryUIParamValue@17802] start.

2026-05-26 15:45:19.172 INFO  [20012] [CServerManager::SM_FuzzyQueryUIParamValue@17869] SDK: FuzzyQueryUIParamValue name:[SourceIndex], nRecvBufLen:[786]

2026-05-26 15:45:19.172 INFO  [20012] [CServerManager::SM_FuzzyQueryUIParamValue@17952] end.

2026-05-26 15:45:19.172 INFO  [20012] [CServerManager::SM_FuzzyQueryUIParamValue@17802] start.

2026-05-26 15:45:19.174 INFO  [20012] [CServerManager::SM_FuzzyQueryUIParamValue@17869] SDK: FuzzyQueryUIParamValue name:[TargetIndex], nRecvBufLen:[786]

2026-05-26 15:45:19.174 INFO  [20012] [CServerManager::SM_FuzzyQueryUIParamValue@17952] end.

2026-05-26 15:45:19.174 INFO  [20012] [CServerManager::SM_FuzzyQueryUIParamValue@17802] start.

2026-05-26 15:45:19.174 INFO  [20012] [CServerManager::SM_FuzzyQueryUIParamValue@17869] SDK: FuzzyQueryUIParamValue name:[Position], nRecvBufLen:[271]

2026-05-26 15:45:19.174 INFO  [20012] [CServerManager::SM_FuzzyQueryUIParamValue@17952] end.

2026-05-26 15:45:19.174 INFO  [20012] [CServerManager::SM_GetMultiModuEnableState@6081] start

2026-05-26 15:45:19.176 INFO  [20012] [CServerManager::SM_GetMultiModuEnableState@6193] end

2026-05-26 15:45:19.192 INFO  [20012] [CServerManager::SM_GetMultiModuleSubscribe@17433] start.

2026-05-26 15:45:19.192 INFO  [20012] [CServerManager::SM_GetMultiModuleSubscribe@17592] end.

2026-05-26 15:47:09.082 INFO  [16220] [CServerManager::ParseGetPlatDetailProcStateInfo@29564] SDK: Callback procedure continue execute state info. ProcessID:[10000], ProcRunStatus:[0]

2026-05-26 15:47:09.082 INFO  [16220] [CServerManager::ParseGetPlatDetailProcStateInfo@29564] SDK: Callback procedure continue execute state info. ProcessID:[10001], ProcRunStatus:[0]

2026-05-26 15:47:09.082 INFO  [16220] [CServerManager::ParseGetPlatDetailProcStateInfo@29564] SDK: Callback procedure continue execute state info. ProcessID:[10002], ProcRunStatus:[0]

2026-05-26 15:47:09.082 INFO  [16220] [CServerManager::ParseGetPlatDetailProcStateInfo@29564] SDK: Callback procedure continue execute state info. ProcessID:[10999], ProcRunStatus:[0]

2026-05-26 15:47:09.082 INFO  [16220] [CServerManager::ParseGetPlatDetailProcStateInfo@29567] SDK: Callback procedure continue execute state info start.

2026-05-26 15:47:09.083 INFO  [16220] [CServerManager::ParseGetPlatDetailProcStateInfo@29584] SDK: Callback procedure continue execute state info end.

2026-05-26 15:47:17.549 INFO  [21540] [CServerManager::ParseOutputResForSP@31494] SDK: Callback procedure stop execute info end. nProcessID:[10000]; nStatus:[0]; m_nStopIndex:[119]

2026-05-26 15:47:17.549 INFO  [21540] [CServerManager::ParseOutputResForSP@31494] SDK: Callback procedure stop execute info end. nProcessID:[10001]; nStatus:[0]; m_nStopIndex:[120]

2026-05-26 15:47:17.549 INFO  [21540] [CServerManager::ParseOutputResForSP@31494] SDK: Callback procedure stop execute info end. nProcessID:[10002]; nStatus:[0]; m_nStopIndex:[121]

2026-05-26 15:47:17.553 INFO  [16220] [CServerManager::ParseLoadSolBeginInfo@28577] SDK: Callback load solution start information start.

2026-05-26 15:47:17.555 INFO  [16220] [CServerManager::ParseLoadSolBeginInfo@28594] SDK: Callback load solution start information end. ClientType:[0] Path:[D:\xcm\Test\相机拍与输出（无数据输出）2.sol]

2026-05-26 15:47:17.555 INFO  [16220] [CServerManager::ParseLoadSolProgressInfo@28813] SDK: Cb load solution process:[15]

2026-05-26 15:47:17.573 INFO  [16220] [CServerManager::ParseProcessStopRunInfo@29453] SDK: Stop from server nStopIndex:[0]

2026-05-26 15:47:17.573 INFO  [16220] [CServerManager::CallbackStopStatus@22955] SDK: Asny Callback procedure stop execute info end. nProcessID:[10000]; nStatus:[0]

2026-05-26 15:47:17.573 INFO  [16220] [CServerManager::ParseProcessStopRunInfo@29453] SDK: Stop from server nStopIndex:[0]

2026-05-26 15:47:17.573 INFO  [16220] [CServerManager::CallbackStopStatus@22955] SDK: Asny Callback procedure stop execute info end. nProcessID:[10001]; nStatus:[0]

2026-05-26 15:47:17.573 INFO  [16220] [CServerManager::ParseProcessStopRunInfo@29453] SDK: Stop from server nStopIndex:[0]

2026-05-26 15:47:17.573 INFO  [16220] [CServerManager::CallbackStopStatus@22955] SDK: Asny Callback procedure stop execute info end. nProcessID:[10002]; nStatus:[0]

2026-05-26 15:47:18.043 INFO  [16220] [CServerManager::ParseLoadSolProgressInfo@28813] SDK: Cb load solution process:[30]

2026-05-26 15:47:18.239 INFO  [16220] [CServerManager::ParseLoadSolProgressInfo@28813] SDK: Cb load solution process:[50]

2026-05-26 15:47:18.260 INFO  [16220] [CServerManager::ParseModuleReportData@29264] SDK: Callback algorithm init register info start.

2026-05-26 15:47:18.260 INFO  [16220] [CServerManager::ParseModuleReportData@29282] SDK: Callback algorithm init register info end. ModuleID:[6], nType:[3221225472]

2026-05-26 15:47:18.260 INFO  [16220] [CServerManager::ParseModuleReportData@29103] SDK: Callback communication data info start.

2026-05-26 15:47:18.260 INFO  [16220] [CServerManager::ParseModuleReportData@29153] SDK: Callback communication data info end. nType:[1025]

2026-05-26 15:47:23.742 INFO  [16220] [CServerManager::ParseModuleReportData@29264] SDK: Callback algorithm init register info start.

2026-05-26 15:47:23.742 INFO  [16220] [CServerManager::ParseModuleReportData@29282] SDK: Callback algorithm init register info end. ModuleID:[6], nType:[3221225472]

2026-05-26 15:47:23.745 INFO  [16220] [CServerManager::ParseLoadSolProgressInfo@28813] SDK: Cb load solution process:[75]

2026-05-26 15:47:23.745 INFO  [16220] [CServerManager::ParseGlobalProcessObjectInfo@33028] SDK: Cb global and process object information start.

2026-05-26 15:47:23.746 INFO  [16220] [CServerManager::ParseGlobalProcessObjectInfo@33042] SDK: Cb global and process object information end.

2026-05-26 15:47:23.746 INFO  [16220] [CServerManager::ParseLoadSolProgressInfo@28813] SDK: Cb load solution process:[85]

2026-05-26 15:47:23.748 INFO  [16220] [CServerManager::ParseLoadSolProgressInfo@28813] SDK: Cb load solution process:[90]

2026-05-26 15:47:23.769 INFO  [16220] [CServerManager::ParseLoadSolProgressInfo@28813] SDK: Cb load solution process:[100]

2026-05-26 15:47:23.769 INFO  [16220] [CServerManager::ParseLoadSolEndInfo@28662] SDK: Callback load solution end information start. nClientType:[0]; nStatus:[0]

2026-05-26 15:47:23.769 INFO  [16220] [CClientManager::PF_GetSolutionPath@9193] begin.

2026-05-26 15:47:23.769 INFO  [16220] [CServerManager::SM_GetSolutionPath@21223] start.

2026-05-26 15:47:23.770 INFO  [16220] [CServerManager::SM_GetSolutionPath@21329] end.

2026-05-26 15:47:23.770 INFO  [16220] [CClientManager::PF_GetSolutionPath@9241] end.

2026-05-26 15:47:23.770 INFO  [16220] [CServerManager::ParseLoadSolEndInfo@28675] SDK: Callback load solution end information end.

2026-05-26 15:47:23.770 INFO  [16220] [CServerManager::ParseExecuteAfterLoadInfo@30403] SDK: Callback execute state after load info start.

2026-05-26 15:47:23.770 INFO  [16220] [CServerManager::ParseExecuteAfterLoadInfo@30420] SDK: Callback execute state after load info end. State:[0]

2026-05-26 15:47:24.386 INFO  [21540] [CServerManager::ParseOutputResForSP@31268] SDK: Callback work state info. ProcessID:[10000] , WorkStatus:[1], BatchID:[0]

2026-05-26 15:47:24.430 INFO  [21540] [CServerManager::ParseOutputResForSP@31456] SDK: Callback work state info. ProcessID:[10000] , WorkStatus:[0], BatchID:[0], ProcessTime:[0.000000]

2026-05-26 15:47:24.433 INFO  [21540] [CServerManager::ParseOutputResForSP@31494] SDK: Callback procedure stop execute info end. nProcessID:[10000]; nStatus:[0]; m_nStopIndex:[122]

